Plot,Isolate_x,Isolate_y,SICA,escape_ratio_x_from_y,escape_ratio_y_from_x,alt_escape_ratio_x_from_y,alt_escape_ratio_y_from_x
3,3A,3B,Chloramphenicol,2.780982906,NA,1.218985657,0
3,3A,3B,Rifampicin,0.427706553,Inf,0.456010646,7.988970588
3,3A,3B,Streptomycin,0.866809117,Inf,1.125683868,1.257352941
3,3A,3B,Streptothricin,0.341524217,Inf,0.387845631,5.330882353
3,3A,3B,Tetracycline,1.321225071,Inf,1.131154813,1.720588235
3,3A,3B,Vancomycin,0.206552707,Inf,0.235842082,10.92647059
3,3A,3C,Chloramphenicol,5.476157083,0,1.792563601,0
3,3A,3C,Rifampicin,0.937587658,13.51724138,0.663839965,1.711320755
3,3A,3C,Streptomycin,1.235624123,4.586206897,1.12959339,0.646226415
3,3A,3C,Streptothricin,0.662692847,3.931034483,0.647749511,0.967924528
3,3A,3C,Tetracycline,6.119214586,0,1.923896499,0
3,3A,3C,Vancomycin,0.237026648,22.5862069,0.192433138,3.969811321
3,3A,3D,Chloramphenicol,0.832884097,3.666666667,0.7344,0.854938272
3,3A,3D,Rifampicin,5.787061995,2.473684211,4.9064,0.287722908
3,3A,3D,Streptomycin,2.506738544,1.649122807,3.5912,0.172839506
3,3A,3D,Streptothricin,1.404312668,1.245614035,1.1528,0.654663923
3,3A,3D,Tetracycline,1.250673854,5.666666667,1.1712,0.974622771
3,3A,3D,Vancomycin,1.164420485,11.57894737,0.6032,1.375514403
3,3A,3E,Chloramphenicol,0.37704918,Inf,0.916010499,0.509550713
3,3A,3E,Rifampicin,0.677595628,Inf,0.6167979,1.897497982
3,3A,3E,Streptomycin,1.207650273,Inf,0.986220472,1.147968792
3,3A,3E,Streptothricin,16.0291439,NA,5.835958005,0
3,3A,3E,Tetracycline,0.62295082,Inf,0.395669291,1.170836696
3,3A,3E,Vancomycin,0.553734062,Inf,0.291994751,2.593758407
3,3A,3F,Chloramphenicol,2.363636364,Inf,1.085664336,0.458443621
3,3A,3F,Rifampicin,1.568181818,Inf,0.866258741,1.209634727
3,3A,3F,Streptomycin,3.727272727,Inf,1.371940559,0.828480678
3,3A,3F,Streptothricin,90.04545455,NA,3.814248252,0.005823187
3,3A,3F,Tetracycline,17.57954545,Inf,3.053758741,0.058231869
3,3A,3F,Vancomycin,0.636363636,Inf,0.255681818,2.571731075
3,3A,3G,Chloramphenicol,13.680067,0,1.985583854,0
3,3A,3G,Rifampicin,5.986599665,0.555555556,1.461556944,0.482625483
3,3A,3G,Streptomycin,0.633165829,9.944444444,0.461556944,2.126640927
3,3A,3G,Streptothricin,3.350083752,7.111111111,1.437530034,0.305791506
3,3A,3G,Tetracycline,9.951423786,6.611111111,1.839259971,0.484942085
3,3A,3G,Vancomycin,0.832495812,24.77777778,0.287602114,2.111969112
3,3A,3H,Chloramphenicol,23.35678392,4.171428571,4.474760383,0.089275843
3,3A,3H,Rifampicin,0.984924623,16.85714286,0.348881789,2.152846877
3,3A,3H,Streptomycin,2.015075377,3.5,1.524600639,0.579049198
3,3A,3H,Streptothricin,2.512562814,2.3,1.412779553,0.466003317
3,3A,3H,Tetracycline,0.522613065,3.671428571,1.219808307,0.360143726
3,3A,3H,Vancomycin,19.4120603,0.7,3.292651757,0.210060807
3,3A,3I,Chloramphenicol,0,63.72727273,0.252168884,2.124910778
3,3A,3I,Rifampicin,1.755223881,16.27272727,2.083285136,0.61420414
3,3A,3I,Streptomycin,1.573134328,13.27272727,1.367842684,0.713062099
3,3A,3I,Streptothricin,0.758208955,17.18181818,0.510121457,1.279800143
3,3A,3I,Tetracycline,0,29.45454545,0.210526316,2.400071378
3,3A,3I,Vancomycin,1.259701493,83.90909091,0.438982071,1.787294789
3,3A,3J,Chloramphenicol,0.15852205,Inf,0.101622283,3.362831858
3,3A,3J,Rifampicin,0.716328963,Inf,0.70278543,1.340968246
3,3A,3J,Streptomycin,0.617401669,Inf,0.630853994,1.877667881
3,3A,3J,Streptothricin,0.299165673,Inf,0.125497398,3.880270692
3,3A,3J,Tetracycline,0.538736591,Inf,1.271502908,0.453930245
3,3A,3J,Vancomycin,0.141835518,Inf,0.078359351,4.210307132
3,3B,3C,Chloramphenicol,NA,0,0,0
3,3B,3C,Rifampicin,Inf,0.221396731,6.486486486,0.277972585
3,3B,3C,Streptomycin,Inf,0.213967311,1.437837838,0.964934651
3,3B,3C,Streptothricin,Inf,0.078751857,6.967567568,0.162256933
3,3B,3C,Tetracycline,Inf,0,9.005405405,0
3,3B,3C,Vancomycin,NA,0.346210996,2.708108108,0.780044629
3,3B,3D,Chloramphenicol,0,3.253082192,0,1.190037571
3,3B,3D,Rifampicin,16.6097561,0.016438356,54.0106383,0.084111017
3,3B,3D,Streptomycin,0.524390244,0.318150685,4.563829787,0.450248455
3,3B,3D,Streptothricin,2.841463415,0.203767123,13.56382979,0.353411708
3,3B,3D,Tetracycline,0.073170732,1.124657534,3.787234043,1.080596291
3,3B,3D,Vancomycin,2.37804878,0.279109589,15.63829787,0.406011393
3,3B,3E,Chloramphenicol,0,2.561278312,0,0.992732228
3,3B,3E,Rifampicin,0.964912281,0.633881477,5.090163934,0.868158074
3,3B,3E,Streptomycin,0,0.832764505,0.163934426,1.141835112
3,3B,3E,Streptothricin,133.1929825,0,63.28688525,0
3,3B,3E,Tetracycline,0.175438596,1.567173441,1.721311475,1.265160118
3,3B,3E,Vancomycin,0,0.515668632,3.81147541,0.940722235
3,3B,3F,Chloramphenicol,NA,2.483359746,0,1.064075799
3,3B,3F,Rifampicin,Inf,0.425911252,14.0962963,0.500562068
3,3B,3F,Streptomycin,NA,0.771790808,1.740740741,0.952625662
3,3B,3F,Streptothricin,Inf,0.005150555,56.08148148,0.004496547
3,3B,3F,Tetracycline,Inf,0.261093502,6.333333333,0.186285531
3,3B,3F,Vancomycin,Inf,0.476624406,9.4,0.66886141
3,3B,3G,Chloramphenicol,2.263157895,0.009965338,0.043,0.004974048
3,3B,3G,Rifampicin,187.4210526,0.199740035,5.732,0.256271626
3,3B,3G,Streptomycin,0,0.982668977,0.048,1.762975779
3,3B,3G,Streptothricin,87.63157895,0.11915078,5.021,0.131271626
3,3B,3G,Tetracycline,41,0.336655113,1.338,0.322880623
3,3B,3G,Vancomycin,36.68421053,0.446707106,2.906,0.663278547
3,3B,3H,Chloramphenicol,NA,0.518874644,0,0.182539683
3,3B,3H,Rifampicin,Inf,0.731125356,12.375,0.986344538
3,3B,3H,Streptomycin,NA,0.672720798,2.083333333,0.820494865
3,3B,3H,Streptothricin,Inf,0.254273504,66.58333333,0.262138189
3,3B,3H,Tetracycline,Inf,1.272435897,25,0.837535014
3,3B,3H,Vancomycin,Inf,0.048433048,272.4583333,0.089752568
3,3B,3I,Chloramphenicol,0,4.237894053,0,1.775971093
3,3B,3I,Rifampicin,76.8,0.160545986,14.43783784,0.219512195
3,3B,3I,Streptomycin,7.6,0.718882028,1.07027027,0.916505356
3,3B,3I,Streptothricin,12.4,0.347741306,5.254054054,0.625758162
3,3B,3I,Tetracycline,1.2,1.829054274,0.032432432,1.748483675
3,3B,3I,Vancomycin,52.4,0.435814105,8.378378378,0.570654278
3,3B,3J,Chloramphenicol,0,6.114754098,0,2.423608769
3,3B,3J,Rifampicin,2.663551402,0.388568897,2.961783439,0.592917369
3,3B,3J,Streptomycin,0.457943925,1.011962782,0.529936306,1.556998314
3,3B,3J,Streptothricin,0.289719626,0.662383695,0.243312102,1.417875211
3,3B,3J,Tetracycline,0.126168224,0.747895436,0.238216561,0.68920742
3,3B,3J,Vancomycin,1.018691589,0.545857333,0.931210191,1.211804384
3,3C,3D,Chloramphenicol,0,7.660483871,0,1.71211857
3,3C,3D,Rifampicin,7.768292683,0.073387097,8.935849057,0.118744551
3,3C,3D,Streptomycin,0.780487805,0.458870968,3.041509434,0.372624237
3,3C,3D,Streptothricin,1.213414634,0.511290323,2.030188679,0.609764603
3,3C,3D,Tetracycline,0,8.138709677,0,1.783086312
3,3C,3D,Vancomycin,2.262195122,0.350806452,4.650943396,0.418308631
3,3C,3E,Chloramphenicol,0,5.973227207,0,1.375393329
3,3C,3E,Rifampicin,0,1.360347323,0.594551282,1.215072373
3,3C,3E,Streptomycin,0.142857143,1.440665702,0.674679487,1.210667086
3,3C,3E,Streptothricin,44.8961039,0,11.12339744,0
3,3C,3E,Tetracycline,0,8.788712012,0,1.98190686
3,3C,3E,Vancomycin,0.792207792,0.945007236,1.112179487,1.033196979
3,3C,3F,Chloramphenicol,0,5.398794143,0,1.617675781
3,3C,3F,Rifampicin,0,0.84754522,1.515690377,0.730224609
3,3C,3F,Streptomycin,0,1.031007752,1.09623431,0.97265625
3,3C,3F,Streptothricin,107.7142857,0.011197244,7.10041841,0.006103516
3,3C,3F,Tetracycline,0,1.620155039,0,0.481201172
3,3C,3F,Vancomycin,1.517857143,0.763996555,2.14958159,0.733642578
3,3C,3G,Chloramphenicol,0.233695652,0.030666667,0.017608518,0.007385999
3,3C,3G,Rifampicin,18.53804348,0.682666667,2.214168714,0.38150289
3,3C,3G,Streptomycin,0,2.192,0.238329238,1.902697495
3,3C,3G,Streptothricin,7.385869565,0.389333333,1.752661753,0.207450225
3,3C,3G,Tetracycline,0,2.456,0.008599509,0.591522158
3,3C,3G,Vancomycin,4.983695652,0.901333333,1.681408681,0.74534361
3,3C,3H,Chloramphenicol,0,1.268059182,0,0.258512397
3,3C,3H,Rifampicin,1.176470588,1.930374238,0.576419214,1.445619835
3,3C,3H,Streptomycin,0.428571429,1.404699739,1.399563319,0.803305785
3,3C,3H,Streptothricin,2.453781513,0.641427328,2.823144105,0.449752066
3,3C,3H,Tetracycline,0,7.16362054,0.021834061,1.363966942
3,3C,3H,Vancomycin,50.26890756,0.066144473,17.92576419,0.081652893
3,3C,3I,Chloramphenicol,0,8.38585209,0,2.525601028
3,3C,3I,Rifampicin,9.027027027,0.29903537,2.780167264,0.309231052
3,3C,3I,Streptomycin,1.081081081,1.003858521,1.123058542,0.932831712
3,3C,3I,Streptothricin,0.945945946,0.786495177,0.838709677,0.983483208
3,3C,3I,Tetracycline,0,9.502893891,0,2.79115434
3,3C,3I,Vancomycin,10.7027027,0.487459807,2.833930705,0.605248669
3,3C,3J,Chloramphenicol,0,17.78479381,0,3.431709647
3,3C,3J,Rifampicin,1.207142857,1.166237113,1.055639098,0.86556829
3,3C,3J,Streptomycin,0.271428571,1.868556701,0.455639098,1.663085005
3,3C,3J,Streptothricin,0.083333333,1.869845361,0.06716792,2.180276982
3,3C,3J,Tetracycline,0,6.965206186,0,1.329035339
3,3C,3J,Vancomycin,1.088095238,0.878865979,0.644110276,1.3834766
3,3D,3E,Chloramphenicol,0.219806763,2.384615385,1.050946799,0.456830601
3,3D,3E,Rifampicin,0,20.93333333,0.096483318,4.233515483
3,3D,3E,Streptomycin,0.207729469,5.292307692,0.087917042,2.529690346
3,3D,3E,Streptothricin,22.42753623,0,4.220919748,0
3,3D,3E,Tetracycline,0.601449275,6.282051282,0.667267809,1.40291439
3,3D,3E,Vancomycin,0.31884058,2.784615385,0.229486023,2.348998179
3,3D,3F,Chloramphenicol,0.335443038,1.238095238,1.117592877,0.375
3,3D,3F,Rifampicin,0,9.380952381,0.152901443,5.113255034
3,3D,3F,Streptomycin,0.10443038,3.545454545,0.208167025,2.591442953
3,3D,3F,Streptothricin,26.7943038,0.134199134,2.836352472,0.045302013
3,3D,3F,Tetracycline,5.462025316,0.333333333,2.5594105,0.06795302
3,3D,3F,Vancomycin,0.129746835,1.80952381,0.471292601,2.140100671
3,3D,3G,Chloramphenicol,14.25550661,0,1.763577702,0
3,3D,3G,Rifampicin,1.465491924,2.771929825,0.257393798,1.216061185
3,3D,3G,Streptomycin,0.173274596,3.75,0.060584334,4.929254302
3,3D,3G,Streptothricin,3.005873715,1.192982456,1.17565872,0.481835564
3,3D,3G,Tetracycline,9.914831131,1.131578947,1.604409392,0.521988528
3,3D,3G,Vancomycin,1.202643172,2.929824561,0.634343072,1.739961759
3,3D,3H,Chloramphenicol,20.95384615,0.373540856,3.624627184,0.092172641
3,3D,3H,Rifampicin,0.123076923,9.036964981,0.096719216,4.66861741
3,3D,3H,Streptomycin,0.569230769,1.70233463,0.207498935,1.529261156
3,3D,3H,Streptothricin,1.415384615,0.96692607,1.039198977,0.528895391
3,3D,3H,Tetracycline,0.3,0.918287938,1.423519386,0.496342356
3,3D,3H,Vancomycin,23.36153846,0.638132296,3.448231785,0.16203365
3,3D,3I,Chloramphenicol,0.197324415,3.207407407,0.334821429,2.311694511
3,3D,3I,Rifampicin,0.331103679,3.848148148,0.1640625,1.839618138
3,3D,3I,Streptomycin,0.170568562,2.766666667,0.17671131,1.953699284
3,3D,3I,Streptothricin,0.775919732,2.822222222,0.499627976,1.708353222
3,3D,3I,Tetracycline,0,2.559259259,0.482886905,2.998090692
3,3D,3I,Vancomycin,1.565217391,1.859259259,0.724330357,1.402863962
3,3D,3J,Chloramphenicol,0.071942446,3.414225941,0.123411978,3.651146132
3,3D,3J,Rifampicin,0.170606372,9.255230126,0.136343013,4.423352436
3,3D,3J,Streptomycin,0.14696814,3.334728033,0.161751361,4.47277937
3,3D,3J,Streptothricin,0.238437821,3.715481172,0.117740472,5.082378223
3,3D,3J,Tetracycline,0.472764645,0.313807531,1.213248639,0.492836676
3,3D,3J,Vancomycin,0.369989723,2.941422594,0.195553539,3.89469914
3,3E,3F,Chloramphenicol,6.619047619,0.104895105,0.809968847,0.783171521
3,3E,3F,Rifampicin,9.952380952,0.479020979,1.915576324,0.548543689
3,3E,3F,Streptomycin,3.523809524,0.699300699,1.487227414,0.705501618
3,3E,3F,Streptothricin,2.380952381,0.797202797,0.015576324,0.368932039
3,3E,3F,Tetracycline,118.3809524,0.143356643,3.331464174,0.110032362
3,3E,3F,Vancomycin,6.952380952,0.776223776,1.674143302,0.729773463
3,3E,3G,Chloramphenicol,11.70201342,0,1.491150442,0
3,3E,3G,Rifampicin,8.033557047,0.397196262,2.030633084,0.442401961
3,3E,3G,Streptomycin,1.028187919,1.920560748,0.563308373,1.68995098
3,3E,3G,Streptothricin,0.067114094,15.68691589,0.00850919,4.113970588
3,3E,3G,Tetracycline,11.15436242,0.845794393,1.918822328,0.611519608
3,3E,3G,Vancomycin,2.024161074,1.836448598,1.424098026,0.870098039
3,3E,3H,Chloramphenicol,9.801282051,0.024054983,2.333547558,0.028263795
3,3E,3H,Rifampicin,0.871794872,0.786941581,0.888817481,1.31090175
3,3E,3H,Streptomycin,1.264957265,0.692439863,1.378213368,0.415208614
3,3E,3H,Streptothricin,0,14.26804124,0,2.815948856
3,3E,3H,Tetracycline,1.489316239,0.505154639,1.714652956,0.330080754
3,3E,3H,Vancomycin,21.64316239,0.103092784,4.42062982,0.056527591
3,3E,3I,Chloramphenicol,0.32952381,1.85106383,0.269711024,3.431966726
3,3E,3I,Rifampicin,2.982857143,0.07712766,3.029967892,0.296494355
3,3E,3I,Streptomycin,1.371428571,1.17287234,1.600428113,0.805109923
3,3E,3I,Streptothricin,0,30.59574468,0,6.891265597
3,3E,3I,Tetracycline,1.043809524,1.167553191,0.762754192,2.822341058
3,3E,3I,Vancomycin,1.691428571,1.382978723,2.19158045,0.710635769
3,3E,3J,Chloramphenicol,0.22019334,1.355721393,0.096451676,3.919334187
3,3E,3J,Rifampicin,1.555316864,0.751243781,1.347186826,0.665172855
3,3E,3J,Streptomycin,0.751879699,1.213930348,0.697314252,1.497439181
3,3E,3J,Streptothricin,0,39.32089552,0,10.20358515
3,3E,3J,Tetracycline,1.501611171,0.268656716,1.50029406,0.398207426
3,3E,3J,Vancomycin,1.08915145,1.241293532,0.736718291,1.532650448
3,3F,3G,Chloramphenicol,13.65217391,0,1.860582307,0
3,3F,3G,Rifampicin,7.240165631,0.14084507,1.776035834,0.52807971
3,3F,3G,Streptomycin,0.519668737,3.535211268,0.273796193,3.066123188
3,3F,3G,Streptothricin,0,37.18309859,0,2.83423913
3,3F,3G,Tetracycline,2.35610766,8.492957746,0.394176932,1.139492754
3,3F,3G,Vancomycin,1.641821946,2.985915493,1.073628219,0.996376812
3,3F,3H,Chloramphenicol,12.62886598,0.449799197,3.499354839,0.090454773
3,3F,3H,Rifampicin,1.529209622,1.618473896,0.472903226,1.917291354
3,3F,3H,Streptomycin,1.154639175,0.59437751,1.149677419,0.765867066
3,3F,3H,Streptothricin,0.237113402,30.93574297,0.053548387,2.067466267
3,3F,3H,Tetracycline,0.243986254,7.236947791,0.121290323,1.613943028
3,3F,3H,Vancomycin,23.65979381,0.16064257,5.829032258,0.092203898
3,3F,3I,Chloramphenicol,0.113360324,5.478991597,0.04454343,2.552678255
3,3F,3I,Rifampicin,2.101214575,1.361344538,2.497401633,0.418588152
3,3F,3I,Streptomycin,1.105263158,1.109243697,1.165553081,0.9851011
3,3F,3I,Streptothricin,0.052631579,87.06722689,0.009651076,4.055693508
3,3F,3I,Tetracycline,0.16194332,28.71428571,0.02969562,4.710180915
3,3F,3I,Vancomycin,1.781376518,0.781512605,1.580549369,0.746718695
3,3F,3J,Chloramphenicol,0.066317627,Inf,0.031853973,4.242014077
3,3F,3J,Rifampicin,0.97556719,Inf,0.781675018,1.170005414
3,3F,3J,Streptomycin,0.47469459,Inf,0.513958482,2.466702761
3,3F,3J,Streptothricin,0,Inf,0.002505369,8.53654575
3,3F,3J,Tetracycline,0.195462478,Inf,0.043307087,2.011911207
3,3F,3J,Vancomycin,0.677137871,NA,0.329992842,2.426096372
3,3G,3H,Chloramphenicol,0.08984375,2.041931385,0.018976898,0.262067841
3,3G,3H,Rifampicin,0.0390625,9.540025413,0.071782178,2.085453359
3,3G,3H,Streptomycin,1.48828125,0.416772554,2.405115512,0.292074364
3,3G,3H,Streptothricin,1.09375,2.23252859,0.48349835,0.921069798
3,3G,3H,Tetracycline,0.58984375,6.804320203,0.491749175,1.144324853
3,3G,3H,Vancomycin,19.5546875,0.07750953,5.404290429,0.100945858
3,3G,3I,Chloramphenicol,0,24.06514085,0,2.92922423
3,3G,3I,Rifampicin,2.044444444,4.447183099,1.104575163,0.939851222
3,3G,3I,Streptomycin,5.355555556,0.355633803,3.492810458,0.312858661
3,3G,3I,Streptothricin,4.288888889,4.091549296,0.471895425,1.838894793
3,3G,3I,Tetracycline,2.644444444,16.70774648,0.301960784,2.894580234
3,3G,3I,Vancomycin,7.555555556,0.963028169,1.525490196,0.824229543
3,3G,3J,Chloramphenicol,0,42.35014837,0,4.642580645
3,3G,3J,Rifampicin,0.638586957,9.400593472,0.431918936,2.070967742
3,3G,3J,Streptomycin,0.608695652,0.747774481,1.282457251,0.883225806
3,3G,3J,Streptothricin,0.277173913,9.902077151,0.107029766,4.129032258
3,3G,3J,Tetracycline,0.364130435,9.56379822,0.545915136,1.486129032
3,3G,3J,Vancomycin,1.051630435,3.462908012,0.358454718,2.212903226
3,3H,3I,Chloramphenicol,0.255905512,24.03773585,0.045373665,5.163461538
3,3H,3I,Rifampicin,3.645669291,1.022012579,2.901245552,0.275501672
3,3H,3I,Streptomycin,1.059055118,1.072327044,0.640272835,0.870819398
3,3H,3I,Streptothricin,0.578740157,2.556603774,0.325919336,1.809364548
3,3H,3I,Tetracycline,0,1.110062893,0.129893238,3.095735786
3,3H,3I,Vancomycin,0.011811024,20.28616352,0.142645314,3.813963211
3,3H,3J,Chloramphenicol,0.153452685,36.39189189,0.045547881,6.6659857
3,3H,3J,Rifampicin,1.606138107,1.103603604,1.49598656,0.536772217
3,3H,3J,Streptomycin,0.407502131,2.932432432,0.394623857,2.017875383
3,3H,3J,Streptothricin,0.250639386,5.121621622,0.092215792,4.117977528
3,3H,3J,Tetracycline,0.609548167,0.445945946,0.69012507,0.52145046
3,3H,3J,Vancomycin,0.041773231,38.8018018,0.056374837,6.397854954
3,3I,3J,Chloramphenicol,0.370870871,NA,0.51784209,2.151754386
3,3I,3J,Rifampicin,0.504504505,Inf,0.416409104,3.195614035
3,3I,3J,Streptomycin,0.24024024,Inf,0.463613375,3.125438596
3,3I,3J,Streptothricin,0.039039039,Inf,0.17139646,4.342105263
3,3I,3J,Tetracycline,1.492492492,NA,2.740657488,0.097368421
3,3I,3J,Vancomycin,0.328828829,Inf,0.293621804,4.059649123
4,4A,4B,Chloramphenicol,2.723404255,Inf,0.281179138,1.968253968
4,4A,4B,Rifampicin,0,Inf,0.028020732,21.59183673
4,4A,4B,Streptomycin,0.155015198,Inf,0.200518303,5.548752834
4,4A,4B,Streptothricin,0.039513678,NA,0.321509556,2.9138322
4,4A,4B,Tetracycline,0.73556231,NA,0.487204406,1.054421769
4,4A,4B,Vancomycin,9.316109422,Inf,1.461775186,0.764172336
4,4A,4C,Chloramphenicol,0.122264371,Inf,0.128973161,1.972413793
4,4A,4C,Rifampicin,0,Inf,0.026564074,12.90344828
4,4A,4C,Streptomycin,0.108549752,NA,0.41055235,0.804597701
4,4A,4C,Streptothricin,0,NA,0.143904003,4.733333333
4,4A,4C,Tetracycline,0.908082871,NA,0.577448017,0.436781609
4,4A,4C,Vancomycin,0.346075285,Inf,0.586333242,1.032183908
4,4A,4D,Chloramphenicol,1.395225464,Inf,0.772972973,0.241407089
4,4A,4D,Rifampicin,0,Inf,0.102702703,4.304511278
4,4A,4D,Streptomycin,0.763925729,Inf,0.436293436,1.937969925
4,4A,4D,Streptothricin,12.71087533,NA,3.54980695,0.026047261
4,4A,4D,Tetracycline,0.233421751,Inf,0.466795367,0.777121375
4,4A,4D,Vancomycin,11.77453581,NA,3.130888031,0.103920516
4,4A,4E,Chloramphenicol,2.024112525,NA,0.516870708,0.021637296
4,4A,4E,Rifampicin,0.056262559,Inf,0.046133174,3.198304707
4,4A,4E,Streptomycin,0.876758205,NA,0.517617199,1.066027214
4,4A,4E,Streptothricin,1.955123912,NA,0.888324873,0.914789204
4,4A,4E,Tetracycline,3.39651708,NA,1.005374739,0.051527995
4,4A,4E,Vancomycin,0.230408573,Inf,0.24828307,1.613205443
4,4A,4F,Chloramphenicol,13.77777778,Inf,0.499679076,0.376439327
4,4A,4F,Rifampicin,0,Inf,0.011553273,7.836138175
4,4A,4F,Streptomycin,2.166666667,Inf,0.151155327,3.613374668
4,4A,4F,Streptothricin,1.75,NA,0.631258023,1.160761736
4,4A,4F,Tetracycline,5.583333333,Inf,0.913992298,0.446412755
4,4A,4F,Vancomycin,59.69444444,Inf,1.90885751,0.338352524
4,4A,4G,Chloramphenicol,1.902634593,Inf,0.871217712,0.10213375
4,4A,4G,Rifampicin,1.120274914,Inf,0.936531365,0.243169399
4,4A,4G,Streptomycin,0.553264605,NA,0.948708487,0.552563102
4,4A,4G,Streptothricin,0.801832761,NA,0.736900369,0.834113973
4,4A,4G,Tetracycline,0.884306987,Inf,1.047232472,0.374186833
4,4A,4G,Vancomycin,2.268041237,Inf,1.965313653,0.304579755
4,4A,4H,Chloramphenicol,0.127320955,Inf,0.099641577,1.255033557
4,4A,4H,Rifampicin,0.679045093,Inf,0.497491039,1.555788591
4,4A,4H,Streptomycin,0.262599469,Inf,0.297132616,2.761325503
4,4A,4H,Streptothricin,10.33421751,NA,3.277060932,0.029362416
4,4A,4H,Tetracycline,0,Inf,0.188172043,1.960989933
4,4A,4H,Vancomycin,1.925729443,Inf,1.289605735,1.070050336
4,4A,4I,Chloramphenicol,0.210141813,Inf,0.173193341,1.980640854
4,4A,4I,Rifampicin,0.155565105,Inf,0.141032917,3.234979973
4,4A,4I,Streptomycin,1.547915771,NA,0.629209232,1.216955941
4,4A,4I,Streptothricin,1.115169746,NA,0.76286417,1.394526035
4,4A,4I,Tetracycline,2.091534164,NA,0.655505108,0.138184246
4,4A,4I,Vancomycin,0.496776966,Inf,0.440408627,1.986648865
4,4A,4J,Chloramphenicol,0.361670395,Inf,0.203847324,123.1538462
4,4A,4J,Rifampicin,0.116579667,Inf,0.084854015,375.3076923
4,4A,4J,Streptomycin,0.129753915,Inf,0.268552311,185.0769231
4,4A,4J,Streptothricin,0.753169277,NA,0.657998783,15.92307692
4,4A,4J,Tetracycline,1.109122545,Inf,0.558470195,20.69230769
4,4A,4J,Vancomycin,0.610986826,Inf,0.559990876,64.46153846
4,4B,4C,Chloramphenicol,0.098974359,12.76923077,0.183134739,1.865439093
4,4B,4C,Rifampicin,0.145128205,0,0.8527956,0.886685552
4,4B,4C,Streptomycin,0.203076923,0.138461538,1.002749771,0.182719547
4,4B,4C,Streptothricin,0,0.492307692,0.262511457,3.711048159
4,4B,4C,Tetracycline,0.832307692,0,0.681759853,0.209631728
4,4B,4C,Vancomycin,0.197435897,20.33846154,0.193033914,5.366855524
4,4B,4D,Chloramphenicol,4.964285714,9,4.372037915,0.220880779
4,4B,4D,Rifampicin,0.571428571,0.37037037,2.931279621,1.04980107
4,4B,4D,Streptomycin,3.053571429,0.37962963,2.763033175,0.829194677
4,4B,4D,Streptothricin,39.20535714,0,20.26777251,0.021402113
4,4B,4D,Tetracycline,0,4.092592593,1.144549763,0.646316367
4,4B,4D,Vancomycin,9.267857143,8.638888889,4.369668246,0.385512416
4,4B,4E,Chloramphenicol,2.542211653,0.596774194,0.800998129,0.010559191
4,4B,4E,Rifampicin,0.44351962,3.887096774,0.717404866,1.038072576
4,4B,4E,Streptomycin,1.808561237,6.596774194,1.339051778,0.653777513
4,4B,4E,Streptothricin,2.969084423,0,1.703992514,0.641582391
4,4B,4E,Tetracycline,3.891795482,1.048387097,1.363693075,0.061273052
4,4B,4E,Vancomycin,0.067776457,77.29032258,0.087336245,2.161957168
4,4B,4F,Chloramphenicol,Inf,7.5,1.94386423,0.29250133
4,4B,4F,Rifampicin,NA,0,0.604438642,1.555043432
4,4B,4F,Streptomycin,Inf,0.620689655,0.932114883,1.275128523
4,4B,4F,Streptothricin,Inf,0,2.272845953,0.548661585
4,4B,4F,Tetracycline,Inf,1.577586207,1.412532637,0.316433257
4,4B,4F,Vancomycin,Inf,15.68103448,1.740208877,0.857472079
4,4B,4G,Chloramphenicol,3.17287234,2.184397163,1.733855186,0.090699855
4,4B,4G,Rifampicin,11.56648936,0.70212766,10.39041096,0.051231779
4,4B,4G,Streptomycin,1.930851064,1.787234043,2.823874755,0.285823885
4,4B,4G,Streptothricin,1.468085106,0.241134752,1.529354207,0.569175688
4,4B,4G,Tetracycline,1.736702128,2.574468085,1.768101761,0.374051658
4,4B,4G,Vancomycin,1.228723404,14.45390071,0.764187867,0.552723553
4,4B,4H,Chloramphenicol,1.0625,26.06849315,0.976086957,0.696561258
4,4B,4H,Rifampicin,14.71428571,0,16.36304348,0.086227752
4,4B,4H,Streptomycin,1.071428571,0.205479452,1.717391304,0.9218939
4,4B,4H,Streptothricin,31.80357143,0,18.43913043,0.018835321
4,4B,4H,Tetracycline,0,5.917808219,0.330434783,1.18282357
4,4B,4H,Vancomycin,1.035714286,38.64383562,0.554347826,1.364437532
4,4B,4I,Chloramphenicol,0.293428757,9.974683544,0.23750844,1.320557491
4,4B,4I,Rifampicin,0.653871178,0.17721519,1.223160027,0.484707704
4,4B,4I,Streptomycin,2.696811971,0.14556962,1.245611074,0.519163763
4,4B,4I,Streptothricin,1.468445023,0,1.258102633,0.842818428
4,4B,4I,Tetracycline,2.012361744,0.208860759,0.759115463,0.122725513
4,4B,4I,Vancomycin,0.181522446,14.70253165,0.104659014,2.953155246
4,4B,4J,Chloramphenicol,0.419111816,40.47368421,0.269455748,4.163755459
4,4B,4J,Rifampicin,0.717684377,0.263157895,0.830239064,2.058951965
4,4B,4J,Streptomycin,0.22482157,1.736842105,0.530264496,4.006550218
4,4B,4J,Streptothricin,1.073750991,0,1.034715158,0.851528384
4,4B,4J,Tetracycline,1.097145123,3.947368421,0.617624619,0.707423581
4,4B,4J,Vancomycin,0.136796193,70.94736842,0.13809766,7.089519651
4,4C,4D,Chloramphenicol,46.0625,0.215088283,28.54237288,0.096873662
4,4C,4D,Rifampicin,0.75,0.311797753,4.220338983,0.915631692
4,4C,4D,Streptomycin,5,0.101123596,1.86440678,0.884710921
4,4C,4D,Streptothricin,337.125,0,164.3728814,0.009678801
4,4C,4D,Tetracycline,0,1.318619583,2.610169492,0.681199143
4,4C,4D,Vancomycin,114.0625,0.097110754,53.10169492,0.116745182
4,4C,4E,Chloramphenicol,7.275324675,0,2.388138138,0.038128972
4,4C,4E,Rifampicin,0.438961039,0.169174087,0.643393393,0.996249609
4,4C,4E,Streptomycin,2.028571429,0.153208474,1.141891892,0.725596416
4,4C,4E,Streptothricin,7.241558442,0,4.642642643,0.400770914
4,4C,4E,Tetracycline,3.148051948,0.153208474,1.191441441,0.124804667
4,4C,4E,Vancomycin,0.348051948,0.632483881,0.656156156,1.291280342
4,4C,4F,Chloramphenicol,Inf,0.169120287,2.637894737,0.108525597
4,4C,4F,Rifampicin,NA,0.207181329,0.063157895,1.224378651
4,4C,4F,Streptomycin,NA,0.170915619,0.037894737,1.172195267
4,4C,4F,Streptothricin,Inf,0,4.52,0.229032577
4,4C,4F,Tetracycline,Inf,0.66427289,0.467368421,0.445192593
4,4C,4F,Vancomycin,Inf,0.088330341,3.469473684,0.239231607
4,4C,4G,Chloramphenicol,9.488636364,0.041269137,3.156609195,0.072489786
4,4C,4G,Rifampicin,15.17045455,0.0319503,10.11494253,0.064875573
4,4C,4G,Streptomycin,2.113636364,0.116929221,1.686781609,0.432214931
4,4C,4G,Streptothricin,4.170454545,0,3.125,0.377677355
4,4C,4G,Tetracycline,1.607954545,0.782116707,1.034482759,0.425405472
4,4C,4G,Vancomycin,5.392045455,0.245617928,2.698275862,0.299925715
4,4C,4H,Chloramphenicol,6.3125,0.472127418,1.171717172,0.340276426
4,4C,4H,Rifampicin,63.125,0.105802048,23.75252525,0.165563558
4,4C,4H,Streptomycin,0,0.174819871,0.393939394,0.969826747
4,4C,4H,Streptothricin,263.5625,0,48.62626263,0.006521316
4,4C,4H,Tetracycline,0,1.670079636,0.257575758,1.003990656
4,4C,4H,Vancomycin,11.5,0.326128176,3.363636364,0.542242554
4,4C,4I,Chloramphenicol,0.592193809,0.97641857,0.512953368,0.718490083
4,4C,4I,Rifampicin,0.781965007,0.18275608,1.355684243,0.528897419
4,4C,4I,Streptomycin,2.741588156,0.036109064,1.079853703,0.606952442
4,4C,4I,Streptothricin,3.399730821,0,2.599512344,0.440392408
4,4C,4I,Tetracycline,1.652759085,0.336035372,0.54221274,0.249520154
4,4C,4I,Vancomycin,1.02153432,0.872512896,0.544651021,1.292173171
4,4C,4J,Chloramphenicol,0.794559771,0.553540587,0.444398767,0.739130435
4,4C,4J,Rifampicin,0.85182534,0.411917098,0.70729702,0.851902174
4,4C,4J,Streptomycin,0.198997853,0.303972366,0.283042138,1.985054348
4,4C,4J,Streptothricin,2.120973515,0,1.875436793,0.085597826
4,4C,4J,Tetracycline,0.761632069,0.607944732,0.366084275,0.370923913
4,4C,4J,Vancomycin,0.778811739,0.603626943,0.585200411,1.028985507
4,4D,4E,Chloramphenicol,1.935064935,0,0.34029736,0.088255109
4,4D,4E,Rifampicin,0.463474026,1.103286385,0.712509613,0.858746912
4,4D,4E,Streptomycin,1.25974026,1.704225352,0.981543194,0.6474287
4,4D,4E,Streptothricin,0.55762987,24.54460094,0.2412202,2.050303166
4,4D,4E,Tetracycline,5.300324675,0,1.112919764,0.111161015
4,4D,4E,Vancomycin,0.054383117,31.79342723,0.086772622,3.136761734
4,4D,4F,Chloramphenicol,Inf,4.745098039,0.290580096,0.842582106
4,4D,4F,Rifampicin,Inf,0.460784314,0.589143161,2.326160815
4,4D,4F,Streptomycin,NA,2.882352941,0.505854178,1.983012458
4,4D,4F,Streptothricin,NA,43.31372549,0.059340075,5.647791619
4,4D,4F,Tetracycline,Inf,0,0.99467802,0.120611552
4,4D,4F,Vancomycin,Inf,14.64705882,0.322778073,2.12400906
4,4D,4G,Chloramphenicol,2.507692308,0.242009132,0.515716273,0.185693156
4,4D,4G,Rifampicin,11.72820513,0.452054795,4.75744089,0.09009009
4,4D,4G,Streptomycin,1.054700855,1.438356164,1.699582754,0.228452333
4,4D,4G,Streptothricin,0.2,34.42922374,0.119332406,1.874411725
4,4D,4G,Tetracycline,2.994871795,0.456621005,1.309596662,0.411590695
4,4D,4G,Vancomycin,0.452991453,13.7716895,0.290959666,0.777598494
4,4D,4H,Chloramphenicol,Inf,Inf,0.090468986,2.332011331
4,4D,4H,Rifampicin,Inf,Inf,4.105597579,0.071388102
4,4D,4H,Streptomycin,NA,Inf,0.84871407,1.400566572
4,4D,4H,Streptothricin,Inf,Inf,0.475642965,0.904249292
4,4D,4H,Tetracycline,NA,Inf,0.220574887,1.809631728
4,4D,4H,Vancomycin,Inf,Inf,0.146444781,4.056090652
4,4D,4I,Chloramphenicol,0.068723703,8.849462366,0.080098531,2.033226837
4,4D,4I,Rifampicin,0.725572698,0.247311828,1.149749427,0.720127796
4,4D,4I,Streptomycin,2.417952314,1.817204301,1.005860868,0.591693291
4,4D,4I,Streptothricin,0.440860215,29.07526882,0.221014185,3.65686901
4,4D,4I,Tetracycline,3.087891538,0.075268817,0.749171834,0.263258786
4,4D,4I,Vancomycin,0.213651239,37.5483871,0.125711373,4.806389776
4,4D,4J,Chloramphenicol,0.215752597,Inf,0.115950031,7.884259259
4,4D,4J,Rifampicin,0.616815656,Inf,0.869556215,2.768518519
4,4D,4J,Streptomycin,0.131191109,Inf,0.570639796,4.884259259
4,4D,4J,Streptothricin,0.217927036,Inf,0.18096487,15.14814815
4,4D,4J,Tetracycline,1.341870017,Inf,0.613914004,0.62037037
4,4D,4J,Vancomycin,0.129258275,Inf,0.135896197,14.64814815
4,4E,4F,Chloramphenicol,NA,2.082914573,0.054889834,0.450467004
4,4E,4F,Rifampicin,Inf,0.510050251,0.465403943,0.924360741
4,4E,4F,Streptomycin,Inf,1.702680067,0.432547352,1.318940438
4,4E,4F,Streptothricin,Inf,2.21440536,0.827212988,1.038585209
4,4E,4F,Tetracycline,NA,3.429648241,0.147081562,0.830500689
4,4E,4F,Vancomycin,Inf,0.200167504,2.312330885,0.185423365
4,4E,4G,Chloramphenicol,0.014492754,1.240681576,0.026817219,0.212244424
4,4E,4G,Rifampicin,13.7942029,0.037273695,10.49611856,0.020329926
4,4E,4G,Streptomycin,0.657971014,0.727369542,2.486944248,0.451672862
4,4E,4G,Streptothricin,1.176811594,2.652822151,1.369089626,0.952950743
4,4E,4G,Tetracycline,0,4.051118211,0.079745942,0.773001859
4,4E,4G,Vancomycin,4.124637681,0.182108626,6.828510939,0.130343866
4,4E,4H,Chloramphenicol,0,5.18079096,0.013228078,0.945350985
4,4E,4H,Rifampicin,9.248826291,0.15819209,2.654789844,0.113146552
4,4E,4H,Streptomycin,1.427230047,1.469868173,0.534670365,1.069581281
4,4E,4H,Streptothricin,19.89671362,0.547080979,1.823554512,0.203663793
4,4E,4H,Tetracycline,0,7.713747646,0.066140388,1.687653941
4,4E,4H,Vancomycin,5.976525822,0.296610169,1.818647322,0.293719212
4,4E,4I,Chloramphenicol,0,28.53703704,0.002532256,3.153417015
4,4E,4I,Rifampicin,1.892783505,0.759259259,1.344628,0.332635983
4,4E,4I,Streptomycin,6.113402062,1,0.884360304,0.831938633
4,4E,4I,Streptothricin,1.301030928,4.287037037,0.757506331,1.5027894
4,4E,4I,Tetracycline,0.78556701,3,0.091643555,0.376569038
4,4E,4I,Vancomycin,1.243298969,0.731481481,0.987218136,0.654114365
4,4E,4J,Chloramphenicol,0.094751193,50.35185185,0.048239437,6.497706422
4,4E,4J,Rifampicin,1.100204499,0,0.94471831,1.068807339
4,4E,4J,Streptomycin,0.211997273,10.38888889,0.445950704,6.027522936
4,4E,4J,Streptothricin,0.714383095,13.38888889,0.69568662,2.993119266
4,4E,4J,Tetracycline,0.372188139,14.01851852,0.132042254,2.126146789
4,4E,4J,Vancomycin,1.402862986,1.407407407,1.095862676,0.809633028
4,4F,4G,Chloramphenicol,2.116385911,Inf,0.653225806,0.106633964
4,4F,4G,Rifampicin,10.25267994,Inf,6.813416422,0.030366737
4,4F,4G,Streptomycin,1.280245023,Inf,2.678519062,0.151249708
4,4F,4G,Streptothricin,0.704441041,Inf,0.942815249,0.739546835
4,4F,4G,Tetracycline,1.572741194,Inf,0.85483871,0.491707545
4,4F,4G,Vancomycin,1.920367534,Inf,0.943548387,0.55746321
4,4F,4H,Chloramphenicol,0.225490196,Inf,0.105282877,1.186158283
4,4F,4H,Rifampicin,24.33333333,NA,5.760584489,0.012175585
4,4F,4H,Streptomycin,0.235294118,NA,1.295616336,0.48830503
4,4F,4H,Streptothricin,35.29411765,NA,3.658298988,0.011855175
4,4F,4H,Tetracycline,0,Inf,0.044211315,1.957065043
4,4F,4H,Vancomycin,1.303921569,Inf,0.377294867,1.648189683
4,4F,4I,Chloramphenicol,0.295041728,Inf,0.139793566,1.836642087
4,4F,4I,Rifampicin,0.689248895,Inf,1.489528009,0.318207601
4,4F,4I,Streptomycin,2.921944035,NA,1.329191302,0.423709586
4,4F,4I,Streptothricin,1.326460481,NA,0.851688546,1.060124787
4,4F,4I,Tetracycline,1.990672558,Inf,0.552159535,0.355643789
4,4F,4I,Vancomycin,0.608738341,Inf,0.230584227,3.292682927
4,4F,4J,Chloramphenicol,0.325994695,Inf,0.177797399,10.40677966
4,4F,4J,Rifampicin,0.597082228,Inf,1.12032429,0.350282486
4,4F,4J,Streptomycin,0.199469496,Inf,0.768341628,4.282485876
4,4F,4J,Streptothricin,0.873209549,Inf,0.771552416,2.88700565
4,4F,4J,Tetracycline,0.917506631,Inf,0.438192326,1.259887006
4,4F,4J,Vancomycin,0.416976127,Inf,0.306550008,13.98870056
4,4G,4H,Chloramphenicol,0.050228311,6.234165067,0.037681913,1.979256698
4,4G,4H,Rifampicin,2.095890411,5.297504798,0.200493763,1.958945549
4,4G,4H,Streptomycin,1.392694064,1.274472169,0.190748441,2.396715644
4,4G,4H,Streptothricin,25.38812785,0.203454894,1.793399168,0.136127917
4,4G,4H,Tetracycline,0.237442922,2.817658349,0.276637214,2.697061366
4,4G,4H,Vancomycin,1.136986301,2.268714012,0.23024948,1.603284356
4,4G,4I,Chloramphenicol,0.002656748,9.153508772,0.03637913,2.708955224
4,4G,4I,Rifampicin,0.218384697,5.5,0.035199266,3.781923715
4,4G,4I,Streptomycin,1.91445271,1.100877193,0.52208967,1.210613599
4,4G,4I,Streptothricin,1.254516472,0.74122807,0.746263765,0.825041459
4,4G,4I,Tetracycline,1.678533475,0,0.445595176,0.030679934
4,4G,4I,Vancomycin,0.329436769,4.412280702,0.17206345,3.258706468
4,4G,4J,Chloramphenicol,0.143273151,64.71428571,0.094085873,78.67857143
4,4G,4J,Rifampicin,0.071927781,67.39285714,0.072920686,205.5357143
4,4G,4J,Streptomycin,0.135701805,12.17857143,0.242021716,56.75
4,4G,4J,Streptothricin,0.924286546,5.035714286,0.725513972,10.78571429
4,4G,4J,Tetracycline,1.240535818,5.285714286,0.408366863,10.53571429
4,4G,4J,Vancomycin,0.15987187,19,0.268147495,47.25
4,4H,4I,Chloramphenicol,0.44012945,5.741935484,0.328920863,1.053500285
4,4H,4I,Rifampicin,0.199568501,9.580645161,0.247865707,2.059191804
4,4H,4I,Streptomycin,2.805285868,0,1.112230216,0.575981787
4,4H,4I,Streptothricin,0.333872708,22.41935484,0.210839329,3.013659647
4,4H,4I,Tetracycline,4.176375405,0,1.067721823,0.146841207
4,4H,4I,Vancomycin,0.642934196,6.946236559,0.419856115,2.130904952
4,4H,4J,Chloramphenicol,0.590777262,Inf,0.367775695,12.88732394
4,4H,4J,Rifampicin,0.244199536,Inf,0.167213371,50.46478873
4,4H,4J,Streptomycin,0.167053364,Inf,0.618009997,14.54929577
4,4H,4J,Streptothricin,0.254930394,Inf,0.171665105,39.77464789
4,4H,4J,Tetracycline,1.907482599,NA,0.878475476,0.309859155
4,4H,4J,Vancomycin,0.42662413,Inf,0.503748828,13.66197183
4,4I,4J,Chloramphenicol,2.07223796,1.222222222,0.698651554,1.291825095
4,4I,4J,Rifampicin,1.005665722,4.518518519,0.532734024,2.979087452
4,4I,4J,Streptomycin,0,43.2037037,0.389876881,5.41634981
4,4I,4J,Streptothricin,0.837110482,7.944444444,0.837600156,1.725285171
4,4I,4J,Tetracycline,0.817280453,9,0.272816103,0.991444867
4,4I,4J,Vancomycin,1.07223796,3.925925926,1.148329099,0.978136882
