"","Plot","Letter","SICA","Isolate","B1","C1","D1","E1","F1","G1","H1","A2","B2","C2","D2","E2","F2","G2","H2","A3","B3","C3","D3","E3","F3","G3","H3","A4","B4","C4","D4","E4","F4","G4","H4","A5","B5","C5","D5","E5","F5","G5","H5","A6","B6","C6","D6","E6","F6","G6","H6","A7","B7","C7","D7","E7","F7","G7","H7","A8","B8","C8","D8","E8","F8","G8","H8","A9","B9","C9","D9","E9","F9","G9","H9","A10","B10","C10","D10","E10","F10","G10","H10","A11","B11","C11","D11","E11","F11","G11","H11","A12","B12","C12","D12","E12","F12","G12","H12"
"1","3","A","Chloramphenicol","3A",0,0.041,0.064,0.008,0.083,0,0.037,0.033,0.078,0.137,0.118,0.147,0.121,0,0,0.109,0.107,0.11,0.069,0.158,0.126,0.129,0.093,0,0.116,0.162,0.116,0.158,0.089,0.157,0.039,0.085,0.139,0.133,0.143,0,0.139,0.148,0.113,0.044,0.09,0.115,0.108,0.088,0,0.1,0.036,0.11,0.041,0.101,0,0.059,0,0.039,0.063,0.148,0.12,0.101,0.082,0.09,0.177,0.131,0.088,0.115,0.074,0.087,0.094,0.213,0.16,0.032,0.095,0.062,0.167,0.106,0.155,0.065,0.099,0.101,0.152,0.058,0.108,0.083,0.085,0.141,0.124,0.145,0.116,0,0.053,0.051,0.029,0,0,0.05,0.031
"2","3","A","Control","3A",0.01,0.022,0.064,0.053,0.118,0.079,0.09,0.032,0.037,0.052,0.125,0.195,0.181,0.018,0,0.084,0.126,0.059,0.043,0.233,0.187,0.199,0.131,0.009,0.123,0.094,0.143,0.183,0.298,0.213,0.094,0.076,0.09,0.081,0.147,0.144,0.263,0.37,0.139,0.025,0.061,0.05,0.1,0.069,0,0.193,0.144,0.109,0.06,0.067,0.081,0.151,0.126,0.181,0.117,0.094,0.166,0.054,0.097,0.159,0.148,0.168,0.142,0.139,0.125,0.129,0.158,0.147,0.228,0.068,0.124,0.052,0.203,0.126,0.151,0.152,0.167,0.23,0.147,0.072,0.136,0.039,0.093,0.219,0.19,0.15,0.128,0,0.035,0.008,0.045,0,0.122,0.02,0.042
"3","3","A","Rifampicin","3A",0.071,0.035,0.036,0.031,0.055,0.037,0.008,0.012,0.022,0.093,0.088,0.14,0.139,0,0,0.056,0.084,0.088,0.018,0.167,0.144,0.143,0.047,0,0.086,0.123,0.1,0.127,0.253,0.142,0.01,0.091,0.067,0.177,0.114,0.119,0.207,0.217,0.042,0.015,0.053,0.085,0.07,0.051,0,0.158,0.05,0.11,0.119,0.08,0.065,0.14,0.096,0.077,0.106,0.03,0.119,0.096,0.106,0.148,0.092,0.134,0.38,0.111,0.195,0.09,0.144,0.146,0.201,0.011,0.094,0.037,0.162,0.088,0.106,0.119,0.156,0.179,0.055,0.043,0.087,0.162,0.062,0.185,0.144,0.096,0.041,0,0,0,0,0,0.051,0.01,0
"4","3","A","Streptomycin","3A",0.075,0.11,0.071,0.122,0.112,0.008,0.035,0.062,0.088,0.127,0.061,0.189,0.194,0.053,0.022,0.092,0.128,0.129,0,0.228,0.192,0.194,0.114,0.031,0.131,0.182,0.061,0.177,0.296,0.213,0.075,0.131,0.12,0.134,0.065,0.178,0.28,0.364,0.133,0.054,0.107,0.136,0.146,0.072,0,0.235,0.155,0.162,0.095,0.136,0,0.17,0.157,0.156,0.146,0.074,0.2,0.151,0.098,0.187,0.154,0.174,0.122,0.072,0.117,0.147,0.121,0.181,0.227,0.086,0.14,0.108,0.23,0.172,0.082,0.163,0.21,0.233,0.142,0.124,0.149,0.131,0.041,0.219,0.201,0.166,0.122,0.039,0.077,0.062,0.006,0,0.077,0.045,0.06
"5","3","A","Streptothricin","3A",0.026,0.026,0.077,0.044,0.083,0.065,0.054,0.044,0.017,0.112,0.124,0.168,0.143,0.017,0.04,0.086,0.052,0.116,0.029,0.161,0.131,0.163,0.063,0,0.06,0.144,0.144,0.153,0.259,0.194,0.067,0.107,0.048,0.136,0.13,0.139,0.207,0.304,0.094,0.026,0.043,0.102,0.103,0.059,0,0.201,0.116,0.125,0.088,0.111,0.046,0.124,0.06,0.118,0.046,0.078,0.143,0.109,0.094,0.167,0.093,0.138,0.075,0.09,0.057,0.087,0.1,0.115,0.181,0.04,0.079,0.04,0.141,0.105,0.129,0.112,0.136,0.191,0.096,0.046,0.054,0.09,0.158,0.182,0.152,0.136,0.067,0,0,0,0,0,0.025,0.043,0
"6","3","A","Tetracycline","3A",0,0.042,0.075,0.06,0.101,0,0.025,0.037,0.058,0.107,0.11,0.153,0.15,0.047,0,0.086,0.103,0.086,0.011,0.146,0.131,0.154,0.087,0,0.078,0.123,0.105,0.123,0.092,0.162,0.023,0.077,0.067,0.102,0.11,0,0.138,0.202,0.092,0.036,0.092,0.136,0.12,0.087,0,0.139,0.105,0.131,0.05,0.111,0,0.112,0,0,0.072,0.048,0.15,0.123,0.131,0.154,0.121,0.175,0.113,0.008,0.112,0.12,0.116,0.186,0.202,0.107,0.152,0.099,0.193,0.084,0.131,0.119,0.159,0.178,0.133,0.064,0.121,0.116,0.118,0.202,0.18,0.169,0.116,0.021,0.067,0.034,0.04,0,0.021,0.067,0.03
"7","3","A","Vancomycin","3A",0,0.101,0.106,0,0.046,0,0.033,0,0.028,0.066,0.092,0.076,0.097,0,0,0.033,0.035,0.045,0,0.092,0.127,0.109,0.028,0,0.059,0.067,0,0.066,0.226,0.075,0.006,0.04,0.014,0.095,0.081,0,0.17,0.05,0.035,0.021,0.018,0.051,0.031,0.051,0,0.106,0.082,0.091,0,0.046,0,0.094,0.015,0.056,0.019,0.113,0.067,0.053,0.067,0.114,0.074,0.104,0.052,0.134,0.167,0.056,0.047,0.161,0.18,0,0.042,0.014,0.142,0.068,0.067,0.078,0.132,0.178,0.094,0.016,0.061,0.041,0.124,0.168,0.146,0.097,0.068,0,0.044,0.055,0.032,0,0.07,0.056,0
"8","3","B","Chloramphenicol","3B",0,0,0,0,0,0,0,0,0,0,0,0,0,0,0,0,0,0,0,0,0,0,0,0,0,0,0,0,0,0,0,0,0,0,0,0,0,0,0,0,0,0,0,0.006,0,0,0,0,0,0,0,0,0,0,0,0,0,0,0,0,0.009,0,0,0,0,0,0,0.028,0,0,0,0,0,0,0,0,0,0,0,0,0,0,0,0,0,0,0,0,0,0,0,0,0,0,0
"9","3","B","Control","3B",0,0.057,0.069,0,0.013,0,0,0,0,0.066,0.097,0.086,0.035,0,0,0.09,0.104,0.102,0.082,0.102,0.04,0.059,0.035,0.007,0.047,0.056,0.088,0.06,0,0.042,0.063,0.01,0.079,0.078,0.095,0,0.079,0.097,0.023,0.009,0.049,0.096,0.047,0,0,0,0.047,0.094,0,0.084,0,0,0,0,0.054,0.118,0.127,0.067,0.064,0,0.049,0.089,0.046,0,0.09,0.126,0.125,0.078,0.121,0,0.022,0,0.084,0.022,0.07,0,0,0,0.041,0.042,0.073,0.067,0.087,0.089,0.118,0.086,0.064,0,0,0.01,0.005,0,0,0,0
"10","3","B","Rifampicin","3B",0,0.083,0.076,0.012,0.084,0,0.008,0.035,0.066,0.125,0.136,0.143,0.088,0.07,0,0.12,0.112,0.151,0.111,0.154,0.095,0.138,0.073,0.069,0.123,0.158,0.138,0.17,0,0.076,0.124,0.082,0.152,0.128,0.098,0,0.093,0.122,0.097,0.045,0.046,0.097,0.067,0.061,0,0.014,0.039,0.152,0,0.122,0,0,0,0,0.063,0.195,0.104,0.102,0.094,0.044,0.142,0.113,0.103,0.049,0.07,0.091,0.08,0.149,0.128,0,0.082,0.059,0,0.074,0.147,0.045,0.057,0.02,0.121,0.095,0.116,0.118,0.146,0.158,0.142,0.182,0.127,0.01,0.067,0.073,0.059,0,0,0.005,0.05
"11","3","B","Streptomycin","3B",0,0.043,0.03,0,0.019,0,0.007,0.038,0.016,0.098,0.076,0.108,0.056,0.018,0,0.117,0.046,0.083,0.075,0.09,0.046,0.048,0.008,0.063,0.065,0.086,0.093,0.068,0,0.063,0.037,0.027,0.06,0.084,0.083,0,0.069,0.1,0.046,0.025,0.055,0.067,0.073,0,0,0,0.056,0.103,0,0.106,0,0,0,0,0.069,0.199,0.091,0.084,0.052,0.027,0.036,0.091,0.071,0.064,0.081,0.088,0.08,0.083,0.146,0,0.017,0.028,0.115,0.045,0.085,0,0.061,0,0.089,0.027,0.048,0.049,0.058,0.093,0.102,0.114,0.099,0,0,0,0,0,0,0,0
"12","3","B","Streptothricin","3B",0,0.047,0.042,0,0.024,0,0,0.052,0.013,0.114,0.137,0.136,0.061,0.049,0,0.135,0.081,0.131,0.097,0.129,0.077,0.126,0.075,0.055,0.092,0.135,0.179,0.135,0,0.156,0.086,0.089,0.093,0.139,0.139,0,0.09,0.171,0.073,0.067,0.138,0.156,0.135,0.041,0,0.031,0.112,0.12,0.034,0.135,0,0.03,0,0,0.1,0.177,0.149,0.134,0.149,0.081,0.071,0.131,0.119,0.046,0.134,0.111,0.131,0.096,0.181,0,0.068,0.081,0.161,0.129,0.117,0.03,0.066,0.022,0.097,0.07,0.107,0.114,0.116,0.139,0.129,0.164,0.099,0,0.027,0.035,0.033,0,0,0,0
"13","3","B","Tetracycline","3B",0,0.013,0,0,0,0,0.029,0.02,0.074,0.055,0.02,0.006,0.019,0,0.038,0.095,0.021,0.052,0,0.006,0.01,0.012,0.011,0,0.016,0.015,0,0,0,0,0,0.008,0.019,0.029,0.016,0,0.007,0.036,0,0.015,0.018,0.017,0,0.166,0,0.029,0.008,0.01,0.006,0.032,0.006,0,0,0,0.013,0.302,0.016,0.031,0,0,0.175,0.012,0.008,0.016,0.042,0.023,0,0.088,0.012,0,0,0,0,0.03,0,0,0,0,0.012,0,0,0.016,0,0.022,0,0,0,0,0,0,0,0,0,0,0
"14","3","B","Vancomycin","3B",0,0.067,0.048,0.005,0.046,0,0.009,0.055,0.021,0.127,0.092,0.122,0.093,0.06,0,0.115,0.055,0.118,0.082,0.143,0.069,0.084,0.05,0.085,0.12,0.15,0.154,0.067,0,0.122,0.064,0.029,0.113,0.138,0.146,0,0.11,0.114,0.086,0.069,0.127,0.126,0.141,0.027,0,0.029,0.059,0.145,0.045,0.152,0,0,0.007,0,0.136,0.206,0.118,0.109,0.116,0.042,0.119,0.133,0.126,0.069,0.056,0.126,0.127,0.065,0.149,0,0.067,0.019,0.124,0.071,0.126,0,0.048,0.146,0.111,0.056,0.114,0.102,0.127,0.097,0.137,0.127,0.114,0,0.041,0.045,0.04,0,0,0,0.043
"15","3","C","Chloramphenicol","3C",0,0,0,0,0,0,0,0,0,0,0,0,0,0,0,0,0,0,0,0,0,0,0,0,0,0,0,0,0,0,0,0,0,0,0,0,0,0,0,0,0,0,0,0.006,0,0,0,0,0,0,0,0,0,0,0,0,0,0,0,0,0.009,0,0,0,0,0,0,0.028,0,0,0,0,0,0,0,0,0,0,0,0,0,0,0,0,0,0,0,0,0,0,0,0,0,0,0
"16","3","C","Control","3C",0,0.058,0.051,0,0.062,0,0.066,0,0.015,0.109,0.091,0.131,0.125,0.022,0,0.144,0.094,0.137,0.135,0.114,0.054,0.099,0.106,0.11,0.126,0.116,0.1,0.118,0,0.1,0.067,0.077,0.097,0.12,0.103,0,0.166,0.059,0.026,0.06,0.13,0.104,0.07,0.079,0,0.01,0.071,0.13,0,0.121,0,0.012,0,0,0.072,0.058,0.128,0.123,0.096,0.063,0.107,0.115,0.082,0.105,0.141,0.098,0.109,0.069,0.179,0,0.064,0.059,0.163,0.07,0.12,0,0.108,0.038,0.166,0.056,0.094,0.155,0.134,0.189,0.157,0.121,0.115,0.029,0.027,0.028,0.01,0,0,0,0.04
"17","3","C","Rifampicin","3C",0,0.058,0.042,0,0.064,0,0.006,0.029,0.048,0.122,0.082,0.122,0.072,0.063,0,0.132,0.105,0.126,0.117,0.118,0.064,0.132,0.016,0.04,0.113,0.153,0.059,0.123,0,0.099,0.101,0.055,0.117,0.171,0.138,0,0.054,0.094,0.092,0.048,0.091,0.11,0.095,0.092,0,0.048,0.081,0.157,0,0.093,0,0,0,0,0.079,0.094,0.089,0.087,0.099,0,0.137,0.128,0.065,0.118,0.088,0.108,0.121,0.146,0.158,0,0.104,0.049,0.149,0.089,0.149,0,0.012,0.038,0.135,0.084,0.109,0.109,0.105,0.183,0.128,0.145,0.147,0,0.079,0.059,0.087,0,0,0.022,0.064
"18","3","C","Streptomycin","3C",0,0.077,0.076,0,0.076,0,0.099,0.04,0.052,0.114,0.128,0.142,0.101,0.03,0,0.157,0.092,0.135,0.133,0.114,0.077,0.114,0.109,0,0.097,0.112,0.074,0.137,0,0.104,0.08,0.077,0.068,0.117,0.156,0,0.15,0.094,0.119,0.05,0.129,0.136,0.101,0.051,0,0.024,0.095,0.141,0,0.095,0,0,0,0,0.209,0.043,0.143,0.104,0.083,0.102,0.112,0.128,0.094,0.099,0.092,0.113,0.137,0.127,0.19,0,0.05,0.04,0.135,0.096,0.111,0.022,0.064,0.047,0.104,0.093,0.158,0.141,0.101,0.164,0.127,0.113,0.089,0,0,0,0,0,0,0,0
"19","3","C","Streptothricin","3C",0,0.068,0.058,0,0.02,0,0.053,0.059,0.016,0.126,0.131,0.096,0.095,0.037,0,0.124,0.053,0.095,0.081,0.118,0.063,0.072,0.037,0.053,0.089,0.111,0.077,0.123,0,0.113,0.084,0.043,0.09,0.142,0.136,0,0.146,0.118,0.08,0.068,0.149,0.116,0.136,0.057,0,0.022,0.112,0.115,0.019,0.132,0,0.042,0,0,0.081,0.09,0.137,0.122,0.112,0.05,0.137,0.13,0.091,0.113,0.118,0.116,0.108,0.121,0.167,0,0.05,0,0.134,0.059,0.086,0.017,0.076,0.033,0.12,0.062,0.098,0.095,0.098,0.16,0.136,0.118,0.12,0,0.022,0.013,0.026,0,0,0,0
"20","3","C","Tetracycline","3C",0,0,0,0,0,0,0,0,0,0,0,0,0,0,0,0,0,0,0,0,0,0,0,0,0,0,0,0,0,0,0,0,0,0,0,0,0,0,0,0,0,0,0,0.052,0,0,0,0,0,0,0,0,0,0,0,0,0,0,0,0,0.034,0,0,0,0,0,0,0,0,0,0,0,0,0,0,0,0,0,0,0,0,0,0,0,0,0,0,0,0,0,0,0,0,0,0
"21","3","C","Vancomycin","3C",0,0.068,0.086,0.054,0.076,0,0.069,0.063,0.06,0.123,0.109,0.114,0.11,0.063,0.031,0.169,0.132,0.146,0.117,0.165,0.094,0.138,0.097,0.089,0.165,0.141,0.105,0.146,0,0.129,0.137,0.062,0.136,0.16,0.15,0,0.169,0.121,0.128,0.049,0.051,0.107,0.08,0.101,0,0.04,0.115,0.156,0.055,0.165,0,0.096,0.014,0,0.131,0.077,0.138,0.142,0.13,0.085,0.151,0.187,0.142,0.067,0.114,0.078,0.13,0.13,0.226,0,0.07,0.072,0.178,0.099,0.131,0.073,0.124,0.075,0.156,0.09,0.133,0.104,0.161,0.175,0.186,0.179,0.142,0.018,0.055,0.049,0.06,0,0.015,0,0.06
"22","3","D","Chloramphenicol","3D",0,0.089,0.061,0,0.13,0,0.053,0.046,0.081,0.113,0.121,0.117,0.137,0.056,0.015,0.149,0.091,0.1,0,0.17,0.189,0.162,0.11,0.073,0.125,0.155,0.141,0.123,0,0.296,0.06,0.171,0.076,0.117,0.118,0.059,0.299,0.212,0.096,0.051,0.096,0.158,0.123,0.077,0,0.235,0.112,0.143,0.105,0.111,0,0.081,0.006,0.187,0.126,0.214,0.154,0.094,0.091,0.149,0.148,0.152,0.138,0.174,0.112,0.124,0.126,0.138,0.221,0,0.079,0.109,0.139,0.11,0.114,0.074,0.132,0.193,0.14,0.072,0.081,0.086,0.08,0.195,0.239,0.155,0.073,0,0.011,0,0,0,0,0.023,0
"23","3","D","Control","3D",0,0.103,0.081,0.188,0.122,0.048,0.098,0.075,0.073,0.151,0.108,0.164,0.217,0.096,0.057,0.117,0.152,0.119,0,0.258,0.22,0.247,0.142,0.14,0.078,0.14,0.175,0.154,0,0.291,0.087,0.245,0.109,0.146,0.242,0.089,0.331,0.314,0.095,0.046,0.116,0.148,0.189,0.02,0,0.216,0.176,0.168,0.074,0.143,0.044,0.167,0.054,0.217,0.077,0.245,0.189,0.119,0.124,0.178,0.099,0.228,0.106,0.22,0.174,0.127,0.12,0.152,0.288,0.146,0.083,0.081,0.248,0.141,0.152,0.146,0.199,0.224,0.165,0.039,0.092,0.082,0.083,0.186,0.192,0.156,0.092,0,0.071,0.027,0.038,0,0.102,0,0.037
"24","3","D","Rifampicin","3D",0,0.018,0,0,0.024,0,0,0.04,0.039,0.037,0.011,0.036,0.05,0,0,0.034,0.039,0.021,0,0.094,0.044,0.026,0,0.048,0.023,0.03,0,0.024,0,0.044,0.037,0.049,0,0.037,0.02,0,0,0.098,0.036,0.01,0.007,0.028,0.007,0.022,0,0.05,0,0.066,0.021,0.033,0,0,0,0.027,0.045,0.276,0.048,0.022,0.014,0.043,0.153,0.05,0.035,0.191,0.03,0.042,0.013,0.195,0.294,0,0,0,0,0.011,0,0,0.018,0,0.011,0,0.02,0.018,0.01,0.228,0.02,0.047,0.029,0,0.013,0,0,0,0,0.064,0.08
"25","3","D","Streptomycin","3D",0,0,0.064,0.005,0.084,0,0.086,0.026,0.009,0.09,0.058,0.113,0.139,0.081,0.016,0.07,0.096,0.085,0.094,0.115,0.182,0.185,0.103,0.065,0.12,0.137,0.064,0.13,0,0.259,0.077,0.16,0.056,0.102,0.106,0.025,0.2,0.236,0.098,0.024,0.051,0.142,0.122,0,0,0.197,0.123,0.141,0.038,0.103,0,0.127,0,0.149,0.037,0.113,0.165,0.082,0.053,0.084,0.012,0.163,0.08,0.115,0.057,0.126,0.101,0.059,0.232,0.093,0.046,0.034,0.253,0.076,0.119,0.058,0.129,0.17,0.1,0.018,0.116,0.054,0.057,0.106,0.155,0.099,0.063,0,0.012,0,0,0,0.039,0,0
"26","3","D","Streptothricin","3D",0,0.022,0.06,0.014,0.031,0,0.029,0.009,0.005,0.109,0.2,0.098,0.153,0.093,0,0.071,0.082,0.077,0,0.191,0.162,0.235,0.109,0.071,0.082,0.127,0.127,0.136,0,0.236,0.114,0.218,0.081,0.136,0.116,0.109,0.309,0.28,0.059,0.046,0.06,0.152,0.175,0,0,0.183,0.103,0.135,0.097,0.084,0.123,0.144,0.025,0.156,0.047,0.16,0.166,0.174,0.122,0.118,0.038,0.154,0.051,0.105,0.072,0.078,0.116,0.073,0.204,0.096,0.03,0.068,0.214,0.092,0.133,0.168,0.186,0.199,0.098,0.059,0.135,0.169,0.101,0.141,0.18,0.104,0.084,0,0,0,0,0,0.043,0,0
"27","3","D","Tetracycline","3D",0,0.055,0.08,0,0.068,0,0.147,0.018,0.062,0.116,0.134,0.159,0.168,0.1,0.034,0.077,0.148,0.112,0,0.157,0.073,0.204,0.201,0.058,0.132,0.232,0.023,0.138,0,0.295,0.128,0.296,0.124,0.191,0.117,0,0.224,0.223,0.096,0.051,0.092,0.144,0.096,0.097,0,0.34,0.112,0.195,0.145,0.154,0,0.033,0,0.231,0.098,0.109,0.173,0.111,0.07,0.073,0.123,0.168,0.115,0.068,0.124,0.129,0.071,0.177,0.251,0,0,0.041,0.114,0.129,0.123,0.054,0.07,0.245,0.093,0.042,0.139,0.173,0.092,0.253,0.192,0.206,0.075,0,0.055,0.119,0.064,0,0,0.026,0.067
"28","3","D","Vancomycin","3D",0.011,0.118,0.086,0.041,0.154,0.072,0.083,0.095,0.021,0.063,0.067,0.132,0.144,0.045,0,0.039,0.021,0.048,0,0.181,0.224,0.109,0.091,0.017,0.063,0.169,0.095,0.135,0,0.23,0.038,0.186,0.073,0.146,0.204,0.153,0.281,0.285,0.095,0.028,0.045,0.135,0.083,0,0,0.185,0.137,0.143,0.073,0.16,0.018,0.196,0.061,0.151,0.048,0.22,0.139,0.076,0.085,0.14,0.079,0.152,0.086,0.163,0.156,0.125,0.084,0.085,0.206,0.03,0.028,0.018,0.206,0.064,0.114,0.132,0.174,0.162,0.116,0.014,0.099,0.068,0.05,0.13,0.181,0.143,0.092,0,0,0,0.061,0,0.052,0,0.01
"29","3","E","Chloramphenicol","3E",0,0.016,0.067,0.05,0.078,0.053,0.107,0.047,0.032,0.094,0.088,0.142,0.096,0.074,0.049,0.142,0.06,0.062,0.083,0.128,0.059,0.111,0.085,0.11,0.159,0.143,0.14,0.035,0,0.159,0.061,0.111,0.109,0.114,0.097,0.052,0.342,0.19,0.067,0.047,0.069,0.118,0.062,0.168,0,0.197,0.066,0.13,0.155,0.102,0.121,0.067,0,0.11,0.033,0.175,0.067,0.107,0.085,0.11,0.154,0.105,0.053,0.216,0.075,0.074,0.073,0.208,0.223,0.094,0.13,0.066,0.208,0.126,0.131,0,0.089,0.109,0.094,0.052,0.104,0.062,0.058,0.135,0.198,0.134,0.095,0,0,0.008,0.024,0,0,0.054,0.032
"30","3","E","Control","3E",0.018,0,0.09,0.021,0.103,0.296,0.052,0.012,0.027,0.089,0.103,0.154,0.167,0.169,0,0.118,0.096,0.087,0.119,0.232,0.215,0.259,0.088,0.101,0.115,0.198,0.183,0.081,0,0.251,0.101,0.098,0.139,0.14,0.132,0.148,0.43,0.363,0.086,0.017,0.109,0.162,0.187,0.254,0,0.288,0.109,0.195,0.144,0.129,0.265,0.221,0.017,0.165,0.049,0.157,0.179,0.141,0.1,0.178,0.199,0.191,0.094,0.06,0.083,0.096,0.254,0.27,0.352,0.156,0.193,0.124,0.398,0.142,0.146,0,0.178,0.29,0.165,0.045,0.131,0.126,0.098,0.248,0.216,0.155,0.143,0,0,0.129,0.036,0,0.082,0.058,0
"31","3","E","Rifampicin","3E",0.041,0.036,0.047,0.033,0.129,0.277,0.046,0.136,0.06,0.148,0.138,0.244,0.213,0.186,0.01,0.107,0.117,0.113,0.146,0.177,0.243,0.265,0.157,0.121,0.256,0.201,0.208,0.11,0,0.276,0.149,0.145,0.095,0.158,0.209,0.126,0.463,0.324,0.152,0.047,0.092,0.209,0.165,0.229,0,0.319,0.158,0.132,0.232,0.156,0.282,0.174,0.034,0.189,0.097,0.062,0.174,0.143,0.118,0.169,0.211,0.199,0.138,0.233,0.052,0.061,0.13,0.276,0.343,0.132,0.236,0.065,0.365,0.141,0.182,0,0.204,0.298,0.197,0.057,0.14,0.159,0.138,0.302,0.278,0.238,0.168,0,0.047,0.048,0.035,0,0.181,0.078,0.082
"32","3","E","Streptomycin","3E",0.076,0.063,0.113,0.069,0.146,0.281,0.06,0.074,0.034,0.125,0.143,0.232,0.239,0.193,0,0.132,0.155,0.096,0.169,0.221,0.225,0.266,0.129,0.154,0.162,0.216,0.236,0.12,0,0.248,0.131,0.135,0.146,0.199,0.176,0.2,0.394,0.315,0.142,0.059,0.119,0.201,0.134,0.237,0,0.296,0.151,0.211,0.134,0.165,0.299,0.242,0.005,0.171,0.078,0.179,0.198,0.153,0.131,0.195,0.237,0.217,0.102,0.183,0.09,0.089,0.113,0.292,0.328,0.191,0.277,0.091,0.392,0.136,0.172,0,0.223,0.314,0.146,0.055,0.207,0.123,0.127,0.288,0.31,0.196,0.137,0,0,0.005,0,0,0.098,0.066,0
"33","3","E","Streptothricin","3E",0,0,0,0,0,0,0,0,0,0,0,0,0,0,0,0,0,0,0,0,0,0,0,0,0,0,0.05,0,0,0,0,0,0,0,0,0,0,0,0,0,0,0,0,0,0,0,0,0,0,0,0,0,0,0,0,0,0,0,0,0,0,0,0,0,0,0,0,0,0,0,0,0,0,0,0,0,0,0,0,0,0,0,0,0,0,0,0,0,0,0,0,0,0,0,0
"34","3","E","Tetracycline","3E",0.044,0.038,0.061,0.052,0.089,0.149,0.065,0.043,0.029,0.105,0.097,0.179,0.146,0.137,0.033,0.099,0.098,0.096,0.108,0.192,0.145,0.226,0.131,0.05,0.138,0.207,0.17,0.116,0,0.232,0.116,0.156,0.116,0.19,0.145,0.136,0.441,0.318,0.127,0.047,0.104,0.186,0.158,0.301,0,0.292,0.164,0,0.088,0.112,0.219,0.151,0,0.168,0.086,0.152,0.137,0.152,0.146,0.177,0.236,0.178,0.132,0.097,0.159,0.127,0.111,0.266,0.311,0.218,0.182,0.068,0.366,0.127,0.142,0,0.134,0.19,0.147,0.061,0.113,0.118,0.13,0.261,0.274,0.222,0.15,0.095,0.008,0.015,0.045,0,0.022,0.073,0.045
"35","3","E","Vancomycin","3E",0.096,0.103,0.083,0.12,0.201,0.38,0.123,0.042,0.024,0.135,0.1,0.309,0.205,0.199,0,0.094,0.142,0.127,0.139,0.289,0.245,0.276,0.161,0.16,0.158,0.215,0.186,0.15,0,0.278,0.13,0.185,0.173,0.221,0.134,0.164,0.476,0.347,0.148,0.017,0.074,0.175,0.1,0.274,0,0.287,0.122,0.168,0.09,0.147,0.261,0.221,0.028,0.176,0.134,0.118,0.153,0.104,0.09,0.21,0.243,0.192,0.094,0.26,0.129,0.137,0.088,0.293,0.351,0.203,0.247,0.087,0.347,0.186,0.152,0,0.204,0.304,0.173,0.141,0.162,0.155,0.118,0.276,0.267,0.213,0.159,0,0.013,0.091,0.027,0,0.135,0.026,0.017
"36","3","F","Chloramphenicol","3F",0,0.021,0.092,0,0.061,0.122,0.01,0.015,0.024,0.058,0.069,0.056,0.084,0.037,0,0.086,0.043,0.069,0.046,0.12,0.094,0.125,0.07,0.037,0.056,0.106,0.086,0.019,0.03,0.156,0.044,0.073,0.041,0.083,0.085,0.006,0.242,0.102,0.085,0.017,0.04,0.095,0.085,0.109,0,0.121,0.058,0.102,0.084,0.112,0.022,0.08,0,0.132,0.05,0.099,0.075,0.07,0.054,0.099,0.118,0.134,0.068,0.129,0.056,0.105,0.068,0.174,0.215,0.056,0.087,0.04,0.192,0.071,0.099,0,0.108,0.182,0.064,0.031,0.057,0.045,0.062,0.152,0.149,0.078,0.041,0,0,0,0.01,0,0,0.021,0
"37","3","F","Control","3F",0.008,0.088,0.056,0,0.074,0.25,0.017,0.023,0.011,0.107,0.1,0.088,0.165,0.045,0,0.104,0.124,0.1,0.088,0.116,0.148,0.186,0.09,0.054,0.068,0.144,0.144,0.061,0.109,0.252,0.062,0.129,0.081,0.118,0.089,0.092,0.398,0.256,0.076,0.054,0.089,0.149,0.184,0.156,0,0.274,0.124,0.139,0.089,0.096,0.09,0.137,0.029,0.219,0.054,0.078,0.132,0.094,0.123,0.12,0.141,0.164,0.07,0.077,0.104,0.087,0.097,0.197,0.334,0.101,0.182,0.06,0.251,0.084,0.148,0.081,0.133,0.325,0.126,0.036,0.096,0.074,0.105,0.234,0.201,0.135,0.084,0,0,0.026,0.031,0,0.044,0.026,0.008
"38","3","F","Rifampicin","3F",0.014,0.026,0.033,0,0.074,0.215,0.035,0.014,0.025,0.06,0.069,0.09,0.078,0.014,0,0.054,0.061,0.092,0.026,0.091,0.107,0.144,0.085,0.044,0.12,0.14,0.096,0.059,0.068,0.204,0.098,0.103,0.081,0.121,0.245,0.036,0.292,0.208,0.113,0.03,0.085,0.112,0.087,0.346,0,0.21,0.087,0.129,0.169,0.073,0.014,0.094,0,0.163,0.065,0.037,0.085,0.062,0.071,0.086,0.157,0.132,0.07,0.053,0.067,0.081,0.087,0.206,0.245,0,0.128,0.045,0.246,0.078,0.096,0.069,0.122,0.217,0.119,0.071,0.084,0.074,0.069,0.222,0.183,0.134,0.095,0,0.016,0.022,0.027,0,0.056,0.075,0.061
"39","3","F","Streptomycin","3F",0.01,0.09,0.075,0,0.126,0.281,0.052,0.033,0.011,0.108,0.1,0.101,0.124,0.046,0,0.11,0.188,0.065,0.073,0.1,0.134,0.163,0.082,0.065,0.075,0.136,0.123,0.051,0.104,0.225,0.08,0.14,0.092,0.128,0.102,0.064,0.356,0.253,0.09,0.131,0.073,0.144,0.116,0.158,0,0.247,0.097,0.143,0.089,0.078,0.09,0.124,0.01,0.182,0.07,0.092,0.125,0.169,0.099,0.123,0.17,0.176,0.092,0.14,0.1,0.066,0.122,0.202,0.275,0.087,0.146,0.06,0.266,0.105,0.138,0.085,0.164,0.326,0.124,0.036,0.125,0.064,0.163,0.225,0.179,0.115,0.082,0,0,0,0,0,0.015,0.065,0.011
"40","3","F","Streptothricin","3F",0,0,0,0,0,0,0,0,0.028,0.006,0,0,0.009,0,0,0.021,0,0,0,0,0,0,0,0,0,0,0,0,0,0,0,0.01,0,0,0,0,0,0,0,0,0,0,0,0.018,0,0,0,0,0,0,0,0,0,0,0,0,0,0.009,0,0,0.038,0,0,0,0,0,0,0.045,0,0,0,0,0,0,0,0,0,0,0,0,0,0,0,0,0,0.031,0,0,0,0,0,0,0,0.013,0
"41","3","F","Tetracycline","3F",0,0.015,0.019,0,0.006,0.032,0,0.013,0.049,0.018,0.018,0.021,0.012,0,0,0.028,0,0.016,0,0.027,0.009,0.05,0.019,0.039,0.051,0.069,0.015,0,0,0.056,0,0.012,0.055,0.05,0.02,0,0.018,0.066,0.015,0.013,0.022,0.06,0.043,0.1,0,0,0,0.035,0.049,0.018,0.008,0,0,0.018,0.012,0,0.007,0.025,0.008,0.022,0.076,0.032,0.012,0,0.039,0.018,0.013,0.088,0.061,0.023,0,0.016,0.055,0.017,0.025,0.006,0,0.009,0,0.043,0.082,0.025,0.016,0.045,0.02,0.016,0,0.014,0.013,0.017,0,0,0,0.018,0
"42","3","F","Vancomycin","3F",0.047,0.022,0.049,0,0.118,0.263,0.034,0.03,0.016,0.068,0.078,0.093,0.126,0.036,0,0.073,0.053,0.064,0.052,0.118,0.15,0.164,0.082,0.102,0.082,0.221,0.097,0.071,0.137,0.229,0.074,0.136,0.08,0.129,0.075,0.107,0.387,0.267,0.105,0.036,0.059,0.124,0.097,0.159,0,0.243,0.099,0.15,0.128,0.085,0.083,0.157,0.034,0.166,0.076,0.061,0.121,0.062,0.071,0.112,0.14,0.158,0.08,0.093,0.102,0.129,0.146,0.215,0.303,0.084,0.155,0.058,0.288,0.106,0.145,0.08,0.133,0.282,0.121,0.059,0.11,0.076,0.059,0.259,0.21,0.135,0.104,0.005,0.057,0.008,0.046,0,0.074,0,0.056
"43","3","G","Chloramphenicol","3G",0,0,0,0,0,0,0,0,0,0,0,0,0,0,0,0,0,0,0,0,0,0,0,0,0,0,0,0,0,0,0,0,0,0,0,0,0,0,0,0,0,0,0,0,0,0,0,0,0,0,0,0,0,0,0,0,0.023,0,0,0,0,0,0,0,0,0,0,0,0,0,0,0,0,0,0,0,0,0,0,0,0,0,0,0,0,0,0,0,0,0,0,0,0,0,0
"44","3","G","Control","3G",0,0.045,0.036,0.053,0.194,0.241,0.025,0,0.05,0.041,0.028,0.059,0.119,0.012,0.018,0.023,0.047,0.046,0.065,0.061,0.153,0.091,0.052,0.067,0.062,0.121,0.071,0.093,0.151,0.137,0.022,0.127,0.088,0.08,0.053,0,0.289,0.132,0.054,0,0.031,0.029,0.058,0.226,0,0.182,0.082,0.125,0.034,0.123,0,0.13,0.017,0.108,0.008,0.244,0.094,0.051,0.045,0.176,0.034,0.148,0.034,0.236,0.041,0.031,0.069,0.208,0.273,0,0.159,0.048,0.224,0.019,0.054,0,0.203,0.27,0.048,0.117,0.108,0.056,0.081,0.207,0.103,0.176,0.086,0,0,0,0.015,0,0.116,0.012,0
"45","3","G","Rifampicin","3G",0,0.033,0.082,0,0,0.043,0,0,0.041,0.077,0.039,0.018,0.038,0,0,0.036,0,0.073,0,0.01,0.079,0.092,0.005,0,0.01,0.025,0,0,0.075,0.01,0,0,0,0,0,0,0.108,0,0,0,0,0,0,0,0,0.041,0,0.031,0.105,0.011,0,0.026,0,0.116,0,0.244,0.063,0.034,0,0.098,0,0.077,0,0.292,0.039,0,0,0.169,0.264,0,0.044,0,0.047,0,0,0,0,0.138,0.014,0.015,0,0,0,0.188,0.006,0.016,0.034,0,0,0,0,0.01,0.039,0.031,0
"46","3","G","Streptomycin","3G",0,0.052,0.081,0.084,0.156,0.25,0.068,0.028,0.095,0.118,0.104,0.102,0.211,0.053,0.048,0.085,0.122,0.084,0.14,0.135,0.213,0.162,0.088,0.091,0.135,0.194,0.12,0.121,0.187,0.181,0.079,0.181,0.179,0.15,0.16,0,0.322,0.273,0.141,0.049,0.108,0.187,0.122,0.032,0,0.231,0.153,0.152,0.089,0.12,0,0.229,0.121,0.164,0.074,0.309,0.166,0.119,0.149,0.218,0.089,0.229,0.105,0.209,0.117,0.095,0.168,0.26,0.372,0,0.174,0.145,0.29,0.101,0.18,0.052,0.21,0.4,0.203,0.071,0.227,0.098,0.094,0.267,0.193,0.199,0.133,0,0.019,0.023,0.038,0.039,0.149,0.085,0.028
"47","3","G","Streptothricin","3G",0,0.046,0.064,0.02,0.016,0.013,0.024,0.007,0.061,0.057,0,0.045,0.048,0,0,0.063,0.007,0,0,0.047,0.013,0.089,0.037,0,0.081,0.073,0,0.012,0,0.116,0.026,0.051,0.043,0.032,0.005,0,0.015,0.052,0.012,0.027,0.044,0.031,0,0.04,0,0.05,0,0.07,0.046,0.045,0,0.026,0,0.075,0.012,0.056,0.028,0.017,0,0.085,0.043,0.059,0,0.067,0.058,0,0,0.21,0.132,0,0.026,0.041,0.117,0.008,0.031,0,0.042,0.114,0.047,0.012,0.09,0,0,0.125,0.025,0.036,0.028,0.052,0.027,0.023,0.026,0,0,0.091,0
"48","3","G","Tetracycline","3G",0,0,0,0,0,0.054,0,0,0,0,0,0,0,0,0,0.012,0,0,0,0,0,0,0,0,0.02,0.047,0,0,0.064,0.014,0,0,0,0,0,0,0,0,0,0.007,0,0,0,0.035,0,0.035,0,0.052,0,0,0,0,0,0,0,0.11,0,0,0,0.006,0.03,0.063,0,0.308,0,0,0,0.149,0.132,0,0,0,0.077,0,0,0,0.006,0.286,0,0,0.056,0,0,0.13,0,0.016,0,0.06,0,0.026,0,0.065,0.015,0.032,0
"49","3","G","Vancomycin","3G",0,0,0,0,0.011,0.124,0.019,0,0.071,0.049,0,0.092,0.11,0,0,0.05,0.01,0.021,0.084,0.107,0.164,0.089,0.049,0,0.093,0.179,0.06,0.066,0.221,0.142,0.021,0.05,0.059,0.052,0.057,0,0.242,0.116,0.074,0.018,0.01,0.007,0.044,0.104,0,0.171,0.008,0.159,0.028,0.083,0.01,0.114,0.023,0.109,0.036,0.227,0.063,0.056,0,0.194,0.048,0.163,0.052,0.23,0.058,0.034,0.03,0.256,0.295,0,0.114,0.05,0.195,0.059,0.088,0.032,0.184,0.344,0.072,0.037,0.094,0.035,0.046,0.268,0.184,0.072,0.092,0.047,0,0,0,0.093,0.162,0.119,0
"50","3","H","Chloramphenicol","3H",0,0,0.052,0.032,0.045,0,0.033,0,0,0.06,0.066,0,0,0,0.066,0.043,0.007,0.053,0,0,0,0,0,0.082,0,0.009,0.007,0,0,0,0,0,0,0.051,0,0.02,0,0,0,0,0,0.066,0,0.042,0,0.008,0,0.007,0,0,0.11,0,0,0,0.059,0.112,0,0.037,0.009,0.017,0.028,0,0.011,0.015,0,0.061,0.088,0.08,0.014,0,0.012,0,0,0.058,0,0,0,0.008,0.007,0.041,0,0.041,0,0,0,0,0,0.014,0,0,0.036,0,0,0,0
"51","3","H","Control","3H",0.042,0.054,0.089,0.033,0.059,0.151,0.076,0.033,0.042,0.192,0.158,0.257,0.166,0.081,0,0.107,0.13,0.088,0.121,0.242,0.183,0.152,0.048,0.136,0.13,0.128,0.184,0.171,0.281,0.215,0.115,0.142,0.117,0.17,0.207,0.114,0.231,0.291,0.13,0.157,0.256,0.187,0.18,0,0,0.293,0.152,0.203,0.1,0.273,0.102,0.165,0.049,0.19,0.048,0.206,0.204,0.15,0.247,0.126,0.06,0.153,0.1,0.251,0.264,0.214,0.124,0.086,0.186,0,0.183,0.097,0.213,0.12,0.177,0.031,0.148,0.164,0.102,0.101,0.178,0.158,0.207,0.205,0.131,0.115,0.108,0.07,0.146,0.092,0.104,0,0.023,0,0
"52","3","H","Rifampicin","3H",0.134,0.17,0.149,0.079,0.107,0.192,0.171,0.178,0.1,0.19,0.2,0.107,0.195,0.203,0.137,0.048,0.185,0.172,0.129,0.156,0.198,0.16,0.141,0.208,0.114,0.156,0.293,0.228,0.35,0.303,0.162,0.264,0.219,0.253,0.233,0.117,0.263,0.348,0.136,0,0.196,0.169,0.241,0,0,0.246,0.181,0.228,0.255,0.222,0.143,0.167,0.079,0.192,0.18,0.263,0.193,0.179,0.085,0.175,0.143,0.206,0.129,0.252,0.281,0.114,0.14,0.171,0.233,0,0.213,0.071,0.197,0.217,0.201,0,0.187,0.218,0.145,0.105,0.136,0.235,0.245,0.182,0.154,0.164,0.141,0.108,0.169,0.178,0.117,0,0.09,0.043,0.06
"53","3","H","Streptomycin","3H",0.072,0.047,0.075,0.016,0.027,0.181,0.07,0.106,0.114,0.122,0.136,0.179,0.165,0.143,0,0.074,0.088,0.11,0.105,0.238,0.131,0.155,0.101,0.162,0.142,0.156,0.149,0.145,0.274,0.221,0.108,0.17,0.1,0.144,0.159,0.116,0.202,0.311,0.118,0.066,0.115,0.156,0.177,0,0,0.251,0.139,0.162,0.17,0.156,0.14,0.152,0.057,0.142,0.077,0.258,0.213,0.134,0.138,0.133,0.041,0.16,0.126,0.21,0.247,0.151,0.137,0.156,0.206,0,0.195,0.096,0.212,0.155,0.14,0.029,0.15,0.157,0.082,0.077,0.146,0.124,0.13,0.116,0.157,0.115,0.108,0,0.028,0.032,0.072,0,0,0,0
"54","3","H","Streptothricin","3H",0.036,0.048,0.046,0,0.025,0.106,0.026,0,0.072,0.11,0.088,0.11,0.112,0.092,0,0.007,0.074,0.091,0.072,0.218,0.103,0.136,0.102,0.095,0.143,0.137,0.115,0.126,0.217,0.159,0.062,0.16,0.104,0.111,0.089,0.048,0.168,0.27,0.085,0.056,0.215,0.117,0.13,0,0,0.289,0.061,0.134,0.121,0.122,0.16,0.07,0.025,0.096,0.029,0.171,0.145,0.106,0.113,0.047,0,0.107,0.055,0.141,0.117,0.086,0.112,0.097,0.156,0,0.159,0.049,0.188,0.123,0.108,0,0.111,0.1,0.057,0.042,0.133,0.081,0.08,0.068,0.11,0.052,0.051,0,0,0.05,0.016,0,0,0,0
"55","3","H","Tetracycline","3H",0,0.109,0.144,0.022,0.079,0,0.063,0,0.018,0.14,0.097,0.037,0.16,0.065,0,0.05,0.104,0.083,0.052,0.094,0.163,0.115,0.047,0.043,0.086,0.123,0.067,0.034,0.08,0.204,0.061,0.048,0.082,0.093,0.103,0,0.154,0.214,0.087,0.089,0.107,0.062,0.06,0.042,0,0.134,0.114,0.099,0.106,0.098,0,0.174,0.041,0.173,0.055,0.111,0.122,0.125,0.042,0.148,0.055,0.155,0.07,0.031,0.089,0.037,0.062,0.158,0.235,0.057,0.11,0.1,0.166,0.118,0.072,0.074,0.165,0.171,0.111,0.044,0.1,0.059,0.049,0.19,0.138,0.146,0.095,0.007,0.081,0.125,0.077,0,0.103,0,0.055
"56","3","H","Vancomycin","3H",0,0,0,0.014,0,0,0.084,0.009,0,0.021,0.006,0.008,0,0,0.026,0,0,0.012,0,0.028,0,0.04,0,0,0.014,0.08,0,0,0,0,0,0,0,0,0.008,0,0,0.281,0,0.009,0,0,0,0.296,0,0,0,0,0,0,0,0,0,0.076,0.008,0.016,0,0.19,0,0,0.015,0,0,0,0,0.013,0,0.024,0,0,0,0,0.156,0,0,0.034,0,0.005,0,0,0.06,0,0.007,0,0,0.022,0,0,0.006,0,0,0,0,0,0
"57","3","I","Chloramphenicol","3I",0,0.025,0.148,0.048,0.143,0.129,0.036,0.104,0.045,0.101,0.124,0.113,0.177,0.156,0.043,0.143,0.09,0.063,0.075,0.199,0.228,0.162,0.112,0.138,0.095,0.195,0.091,0.111,0.183,0.169,0.126,0.102,0.118,0.176,0.118,0,0.216,0.367,0.098,0.046,0.108,0.214,0.175,0.144,0,0.409,0.107,0.191,0.101,0.134,0,0.165,0.12,0.154,0.1,0.487,0.136,0.148,0.212,0.198,0.325,0.204,0.074,0.162,0.224,0.196,0.163,0.296,0.282,0.185,0.137,0.096,0.618,0.073,0.177,0.151,0.173,0.254,0.17,0.101,0.241,0.177,0.078,0.244,0.165,0.155,0.112,0.026,0.127,0.011,0.083,0,0.089,0.083,0.037
"58","3","I","Control","3I",0,0.014,0.072,0.108,0.168,0.221,0.068,0.071,0.019,0.079,0.083,0.15,0.177,0.109,0,0.091,0.07,0.091,0.072,0.184,0.173,0.158,0.061,0.035,0.142,0.224,0.149,0.094,0.187,0.147,0.136,0.156,0.093,0.097,0.091,0,0.322,0.259,0.105,0.012,0.174,0.168,0.167,0.113,0,0.201,0.102,0.134,0.236,0.082,0,0.19,0.157,0.145,0.051,0.414,0.19,0.094,0.172,0.194,0.135,0.186,0.082,0.074,0.141,0.111,0.128,0.213,0.298,0.19,0.131,0.127,0.308,0.099,0.164,0.149,0.167,0.234,0.135,0.013,0.176,0.157,0.072,0.248,0.155,0.15,0.133,0.011,0,0.12,0,0,0.091,0,0.015
"59","3","I","Rifampicin","3I",0,0.041,0.073,0,0.059,0,0.042,0,0.067,0.04,0.046,0.098,0.113,0.013,0.05,0.116,0.041,0.054,0,0.147,0.064,0.114,0.076,0,0.092,0.175,0.067,0.077,0.019,0.198,0.105,0.053,0.089,0.047,0.067,0,0.024,0.134,0.081,0.01,0.052,0.112,0.064,0.193,0,0.174,0.02,0.066,0.051,0.051,0,0.04,0,0.091,0.111,0.368,0.069,0.036,0.049,0.092,0.178,0.162,0.077,0.079,0.108,0.015,0.091,0.26,0.182,0.112,0.014,0.061,0.131,0,0.139,0.01,0.013,0.015,0.06,0.025,0.106,0.02,0.052,0.197,0.069,0.102,0.092,0,0.054,0,0.019,0,0,0.046,0.043
"60","3","I","Streptomycin","3I",0,0.029,0.081,0.064,0.107,0.227,0.032,0,0.03,0.092,0.136,0.152,0.174,0.144,0.01,0.051,0.209,0.119,0.146,0.306,0.172,0.167,0.113,0.027,0.11,0.135,0.156,0.141,0.268,0.162,0.063,0.193,0.075,0.169,0.088,0,0.228,0.221,0.12,0.014,0.037,0.14,0.194,0.086,0,0.223,0.076,0.162,0.172,0.121,0,0.194,0.137,0.159,0.074,0.347,0.168,0.08,0.064,0.172,0.101,0.176,0.066,0.109,0.199,0.188,0.1,0.233,0.267,0.202,0.143,0.097,0.226,0.105,0.152,0.105,0.188,0.264,0.162,0.066,0.134,0.073,0.087,0.281,0.182,0.143,0.16,0,0.058,0,0,0,0.043,0,0
"61","3","I","Streptothricin","3I",0,0.128,0.05,0.019,0.139,0.194,0.035,0.046,0.042,0.157,0.071,0.187,0.167,0.153,0.026,0.107,0.061,0.128,0.12,0.233,0.179,0.172,0.099,0.101,0.152,0.187,0.144,0.148,0.21,0.182,0.093,0.14,0.207,0.132,0.115,0,0.263,0.24,0.097,0.029,0.099,0.136,0.165,0.124,0,0.207,0.082,0.13,0.109,0.112,0,0.19,0.126,0.167,0.082,0.357,0.199,0.078,0.087,0.183,0.121,0.157,0.079,0.192,0.061,0.14,0.059,0.184,0.298,0.189,0.1,0.188,0.009,0.105,0.127,0.184,0.174,0.291,0.143,0.093,0.169,0.091,0.065,0.242,0.151,0.167,0.104,0,0,0,0.075,0,0.091,0,0.013
"62","3","I","Tetracycline","3I",0,0.124,0.1,0.041,0.125,0,0.079,0.033,0.134,0.13,0.13,0.34,0.171,0.19,0.09,0.115,0.086,0.141,0.176,0.354,0.159,0.288,0.088,0.081,0.309,0.1,0.276,0.289,0.092,0.155,0.134,0.092,0.114,0.291,0.118,0,0.102,0.273,0.204,0.104,0.165,0.295,0.231,0.201,0,0.345,0.077,0.253,0.133,0.135,0,0.183,0.009,0.144,0.125,0.528,0.149,0.245,0.051,0.295,0.317,0.281,0.162,0.413,0.314,0.121,0.128,0.328,0.405,0.161,0.17,0.107,0.345,0.109,0.131,0.085,0.152,0.207,0.109,0.107,0.106,0.284,0.103,0.208,0.173,0.132,0.119,0.031,0.088,0.142,0.067,0,0.011,0.23,0.057
"63","3","I","Vancomycin","3I",0,0,0,0.021,0.132,0.201,0.055,0.006,0,0.067,0.031,0.068,0.137,0.1,0.072,0.105,0.094,0.062,0.026,0.303,0.175,0.15,0.079,0.097,0.168,0.216,0.116,0.101,0.294,0.197,0.123,0.066,0.063,0.161,0.02,0,0.205,0.177,0.074,0.072,0.054,0.129,0.106,0.11,0,0.217,0.068,0.127,0.123,0.104,0,0.255,0.12,0.137,0.062,0.345,0.14,0.037,0.059,0.155,0.075,0.129,0.064,0.141,0.053,0.1,0.02,0.17,0.357,0.126,0.101,0.091,0.265,0.05,0.112,0.154,0.158,0.227,0.114,0.006,0.256,0.118,0.189,0.205,0.146,0.144,0.12,0,0,0,0,0,0.102,0,0.035
"64","3","J","Chloramphenicol","3J",0,0.068,0.066,0.078,0.179,0.128,0.113,0.022,0.037,0.112,0.12,0.144,0.196,0.166,0.027,0.1,0.073,0.118,0.065,0.192,0.221,0.199,0.153,0.057,0.116,0.19,0.183,0.113,0.23,0.22,0.131,0.132,0.148,0.175,0.162,0,0.424,0.243,0.134,0.052,0.146,0.185,0.26,0.154,0,0.283,0.198,0.195,0.11,0.162,0,0.215,0.078,0.107,0.092,0.742,0.143,0.11,0.133,0.201,0.188,0.253,0.11,0.284,0.17,0.199,0.129,0.272,0.338,0.231,0.225,0.152,0.333,0.278,0.156,0.164,0.214,0.217,0.186,0.106,0.198,0.118,0.122,0.265,0.226,0.176,0.109,0,0,0,0,0,0.073,0.111,0.011
"65","3","J","Control","3J",0,0,0.297,0,0.109,0.116,0.105,0,0,0.066,0.056,0.082,0.142,0.09,0,0.093,0.016,0.04,0,0.127,0.16,0.156,0.039,0.021,0.05,0.156,0.17,0,0.239,0.15,0.043,0.131,0.086,0.065,0.142,0,0.447,0.193,0.08,0.042,0.09,0.089,0.088,0.035,0,0.232,0.128,0.107,0.035,0.069,0,0.156,0,0.068,0.023,0.688,0.122,0.077,0.063,0.151,0.126,0.169,0.059,0.282,0.12,0.048,0.056,0.219,0.292,0.132,0.086,0.023,0.296,0.072,0.121,0.108,0.17,0.182,0.118,0.009,0.081,0.026,0.024,0.217,0.161,0.135,0.071,0,0,0,0,0,0.078,0,0.055
"66","3","J","Rifampicin","3J",0,0,0,0,0.091,0,0.019,0,0.021,0.063,0.043,0.111,0.135,0.089,0,0,0.005,0.052,0,0.19,0.172,0.167,0.043,0.017,0.059,0.113,0.07,0.023,0.19,0.146,0.12,0.181,0.085,0.129,0.146,0,0.386,0.206,0.152,0,0.04,0.133,0.146,0.057,0,0.256,0.168,0.099,0.117,0.046,0,0.135,0,0.013,0.029,0.683,0.109,0.062,0.1,0.161,0.106,0.15,0.067,0.03,0.034,0.039,0.019,0.191,0.242,0.076,0.094,0.017,0.245,0.052,0.121,0.112,0.163,0.165,0.117,0.026,0.093,0.078,0.053,0.227,0.198,0.159,0.105,0,0.069,0,0.07,0,0.101,0,0.027
"67","3","J","Streptomycin","3J",0,0.124,0.056,0.018,0.126,0.09,0.138,0.1,0.027,0,0.259,0.205,0.251,0.146,0,0.061,0.052,0.106,0.041,0.178,0.199,0.22,0.102,0.015,0.1,0.189,0.177,0.089,0.27,0.202,0.13,0.204,0.202,0.158,0.182,0,0.452,0.269,0.13,0.073,0.203,0.163,0.175,0.079,0,0.351,0.177,0.127,0.076,0.009,0,0.188,0.045,0.087,0.065,0.748,0.186,0.128,0.127,0.206,0.118,0.228,0.142,0.243,0.138,0.009,0.105,0.235,0.327,0.252,0.132,0.078,0.312,0.101,0.154,0.173,0.195,0.246,0.204,0.095,0.17,0.085,0.099,0.294,0.243,0.172,0.12,0,0,0.074,0.015,0,0.22,0.07,0.03
"68","3","J","Streptothricin","3J",0,0.084,0.131,0.033,0.189,0.222,0.153,0.021,0.021,0.116,0.132,0.157,0.209,0.161,0,0.118,0.063,0.161,0.108,0.203,0.226,0.217,0.143,0.047,0.143,0.287,0.181,0.086,0.263,0.221,0.135,0.225,0.185,0.15,0.161,0,0.504,0.257,0.155,0.066,0.203,0.194,0.22,0.12,0,0.394,0.223,0.166,0.111,0.136,0,0.237,0.089,0.137,0.112,0.848,0.197,0.154,0.178,0.239,0.165,0.264,0.177,0.293,0.168,0.125,0.213,0.272,0.347,0.313,0.173,0.109,0.324,0.129,0.19,0.2,0.24,0.264,0.206,0.104,0.274,0.138,0.187,0.297,0.237,0.214,0.153,0,0,0,0.035,0,0.145,0.064,0.076
"69","3","J","Tetracycline","3J",0,0.027,0.037,0,0.045,0,0.064,0.027,0.067,0.051,0.049,0.071,0.083,0.069,0.023,0.065,0,0.042,0,0.079,0.056,0.095,0.056,0,0.09,0.123,0,0.058,0.011,0.125,0.08,0.12,0.067,0.058,0.066,0,0.153,0.184,0.055,0.104,0.065,0.073,0.099,0.151,0,0.151,0.02,0.07,0.051,0.046,0,0.039,0,0,0.047,0.537,0.019,0.068,0.047,0.056,0.096,0.082,0.05,0.026,0.059,0.04,0.047,0.117,0.115,0.058,0,0.063,0.116,0.041,0.068,0.027,0.041,0.008,0.051,0.05,0.083,0.05,0.067,0.119,0.08,0.063,0.037,0.006,0.032,0.025,0.03,0,0,0.049,0.017
"70","3","J","Vancomycin","3J",0,0.123,0.163,0,0.124,0.129,0.14,0,0,0.167,0.179,0.184,0.164,0.095,0,0.152,0,0.085,0,0.233,0.19,0.271,0.105,0.057,0.161,0.185,0.101,0.065,0.296,0.205,0.111,0.104,0.222,0.135,0.148,0,0.541,0.262,0.116,0.044,0.154,0.196,0.102,0.18,0,0.35,0.205,0.152,0.157,0.121,0,0.216,0.066,0.12,0.094,0.714,0.168,0.072,0.084,0.227,0.193,0.168,0.087,0.336,0.098,0.19,0.116,0.276,0.297,0.137,0.166,0.158,0.331,0.061,0.079,0.185,0.188,0.242,0.152,0.054,0.144,0.086,0.064,0.325,0.205,0.186,0.156,0.018,0.129,0.08,0.069,0,0.131,0,0.051
"71","4","A","Chloramphenicol","4A",0,0.034,0.029,0.042,0.08,0,0,0,0.005,0.066,0.074,0.128,0,0.04,0.056,0.044,0,0.082,0.097,0.227,0.021,0.079,0,0.057,0.052,0.056,0.022,0.042,0,0.034,0.056,0,0.112,0.119,0.036,0.011,0.157,0.062,0,0.083,0.06,0.056,0.084,0.075,0,0.066,0,0,0.083,0.102,0.096,0.014,0,0,0.065,0.282,0.014,0.113,0,0,0.056,0.007,0.02,0.103,0.129,0.08,0.074,0.073,0.085,0.006,0.078,0,0.023,0.077,0,0.009,0.023,0.112,0,0,0,0,0.035,0.074,0.007,0,0,0,0,0,0,0,0,0,0
"72","4","A","Control","4A",0.254,0.095,0.13,0.035,0.123,0.274,0.095,0.121,0.074,0.185,0.249,0.249,0.214,0.21,0.048,0.116,0.137,0.171,0.08,0.355,0.269,0.26,0.18,0.274,0.145,0.244,0.13,0.118,0.104,0.262,0.136,0.144,0.212,0.178,0.154,0.164,0.349,0.385,0.136,0.176,0.221,0.169,0.161,0.269,0,0.355,0.202,0.23,0.188,0.17,0.284,0.314,0.127,0.164,0.188,0.398,0.165,0.159,0.119,0.215,0.198,0.197,0.111,0.286,0.141,0.144,0.128,0.25,0.281,0.207,0.256,0.116,0.292,0.16,0.251,0.204,0.238,0.358,0.257,0.081,0.155,0.149,0.219,0.58,0.257,0.288,0.197,0.155,0.203,0.168,0.107,0.036,0.228,0.137,0.108
"73","4","A","Rifampicin","4A",0,0.072,0.046,0,0,0.177,0,0,0,0.105,0.048,0.083,0,0.014,0,0,0,0.35,0.074,0.333,0.021,0.055,0,0,0.005,0.034,0,0.058,0,0,0.035,0,0.108,0.057,0.097,0.007,0.15,0.092,0,0,0.062,0.095,0.116,0.074,0,0,0,0,0.029,0.072,0.077,0.029,0,0.024,0.045,0.296,0,0.078,0,0,0.052,0,0.064,0.127,0.11,0.034,0.044,0.037,0.076,0,0,0,0,0.078,0.059,0,0,0.137,0,0,0.041,0.106,0.08,0.135,0,0.035,0,0.019,0.035,0.041,0.041,0,0.023,0,0
"74","4","A","Streptomycin","4A",0.024,0.12,0.035,0.028,0.138,0.318,0.132,0.065,0.015,0.17,0.12,0.113,0.113,0.128,0.021,0.075,0.114,0.066,0.198,0.192,0.123,0.135,0.049,0.043,0.093,0.087,0.093,0.118,0.008,0.225,0.089,0.375,0.063,0.126,0.065,0.075,0.26,0.274,0.08,0.053,0.146,0.124,0.113,0.14,0,0.26,0.127,0.151,0.086,0.084,0.23,0.15,0.092,0.128,0.037,0.374,0.128,0.095,0.06,0.139,0.091,0.15,0.054,0.213,0.31,0.071,0.051,0.147,0.205,0.114,0.174,0.067,0.189,0.05,0.058,0.07,0.152,0.259,0.105,0.021,0.049,0.117,0.064,0.135,0.177,0.113,0.081,0.042,0.064,0.066,0.043,0,0.111,0.055,0
"75","4","A","Streptothricin","4A",0.076,0.066,0.103,0.05,0.169,0.393,0.066,0.063,0.084,0.15,0.141,0.139,0.2,0.156,0.05,0.146,0.095,0.164,0.122,0.323,0.203,0.236,0.155,0.095,0.094,0.121,0.11,0.105,0.055,0.21,0.121,0.164,0.169,0.152,0.13,0.145,0.295,0.33,0.144,0.058,0.127,0.176,0.146,0.222,0,0.257,0.11,0.181,0.078,0.108,0.27,0.183,0.156,0.201,0.106,0.418,0.19,0.147,0.114,0.222,0.135,0.185,0.07,0.255,0.109,0.096,0.122,0.176,0.242,0.221,0.246,0.093,0.204,0.11,0.104,0.05,0.228,0.273,0.129,0.164,0.176,0.141,0.14,0.22,0.223,0.182,0.149,0.122,0.113,0.121,0.051,0.013,0.167,0.035,0.021
"76","4","A","Tetracycline","4A",0.021,0.08,0.101,0.009,0.084,0.111,0.063,0.041,0.019,0.136,0.12,0.166,0.103,0.093,0.043,0.098,0.1,0.064,0.046,0.156,0.127,0.126,0.046,0.091,0.187,0.16,0.132,0.114,0,0.247,0.117,0.075,0.079,0.084,0.041,0.017,0.225,0.203,0.062,0.019,0.031,0.075,0.05,0.211,0,0.164,0.037,0.083,0.039,0.022,0.035,0.02,0,0.067,0.018,0.355,0.102,0.085,0.085,0.127,0.159,0.161,0.059,0.076,0.07,0.062,0.064,0.185,0.203,0.119,0.13,0.036,0.195,0.103,0.065,0,0.094,0.142,0.089,0.049,0.065,0.056,0.07,0.185,0.089,0.145,0.088,0.045,0.111,0.046,0.033,0,0.031,0.093,0.043
"77","4","A","Vancomycin","4A",0.118,0.236,0.189,0.161,0.187,0.298,0.174,0,0.015,0.129,0.123,0.266,0.098,0.038,0.178,0.033,0.054,0.081,0.118,0.375,0.169,0.108,0.078,0.029,0.204,0.196,0,0.012,0,0.221,0.212,0.079,0.22,0.174,0.104,0.057,0.37,0.221,0.095,0.028,0.115,0.233,0.132,0.149,0,0.232,0.121,0.085,0.206,0.114,0.128,0.116,0,0.104,0.144,0.233,0.061,0.071,0,0.091,0.139,0.103,0.086,0.341,0.253,0.044,0.151,0.126,0.262,0.158,0.12,0.116,0.15,0.203,0.07,0.009,0.143,0.323,0.114,0.109,0.163,0.07,0.194,0.145,0.157,0.096,0.075,0.141,0.176,0.172,0.171,0,0.095,0.058,0.005
"78","4","B","Chloramphenicol","4B",0.016,0.044,0.07,0.02,0,0.103,0,0,0,0.07,0.045,0.086,0,0,0,0.019,0,0.066,0.081,0.383,0.036,0,0,0,0.046,0.044,0.037,0.012,0,0.059,0,0,0.031,0.012,0.088,0,0.157,0.17,0,0,0.056,0.05,0,0.052,0,0.038,0,0,0.006,0.07,0.102,0.021,0,0,0.038,0.374,0,0.038,0,0,0.016,0,0,0,0.141,0.035,0,0.029,0.073,0,0.038,0,0.032,0,0,0,0.022,0.127,0.007,0.011,0.048,0.062,0,0.077,0.058,0,0,0,0,0,0,0,0,0,0
"79","4","B","Control","4B",0.03,0.098,0.158,0.042,0.148,0.323,0.068,0.019,0.046,0.159,0.191,0.121,0.138,0.165,0,0.051,0.058,0.109,0.024,0.178,0.167,0.172,0.092,0.113,0.079,0.09,0.14,0.132,0.046,0.265,0.101,0.116,0.093,0.112,0.162,0.088,0.265,0.329,0.121,0.084,0.084,0.161,0.156,0.212,0,0.267,0.161,0.199,0.169,0.09,0.235,0.198,0.086,0.135,0.145,0.485,0.153,0.096,0.11,0.206,0.131,0.159,0.074,0.245,0.249,0.189,0.182,0.176,0.246,0.125,0.211,0.039,0.179,0.115,0.146,0.112,0.169,0.259,0.128,0.052,0.124,0.123,0.09,0.239,0.195,0.165,0.135,0.012,0.034,0.05,0.032,0,0.117,0,0
"80","4","B","Rifampicin","4B",0.026,0.182,0.169,0.159,0.195,0.188,0.063,0.021,0.034,0.151,0.18,0.266,0.054,0.132,0.048,0.104,0.031,0.177,0.084,0.477,0.142,0.14,0.135,0.167,0.155,0.096,0.067,0.191,0,0.249,0.181,0.302,0.193,0.161,0.224,0.089,0.274,0.279,0.171,0.14,0.236,0.193,0.215,0.203,0,0.126,0.049,0.125,0.181,0.143,0.179,0.141,0.013,0.135,0.177,0.47,0.044,0.19,0.149,0.107,0.175,0.071,0.124,0.162,0.177,0.178,0.193,0.161,0.175,0.134,0.079,0.073,0.124,0.114,0.131,0.064,0.116,0.193,0.023,0.099,0.141,0.195,0.162,0.218,0.065,0.164,0.059,0.203,0.167,0.213,0.171,0,0.146,0.082,0.016
"81","4","B","Streptomycin","4B",0.025,0.077,0.092,0.085,0.114,0.37,0.071,0.037,0.016,0.099,0.101,0.155,0.147,0.144,0.022,0.105,0.058,0.067,0.104,0.217,0.155,0.186,0.057,0.134,0.083,0.127,0.095,0.137,0,0.231,0.059,0.148,0.081,0.188,0.114,0.108,0.249,0.313,0.126,0.052,0.076,0.14,0.108,0.185,0,0.248,0.222,0.18,0.052,0.101,0.23,0.164,0.068,0.127,0.051,0.52,0.124,0.087,0.102,0.184,0.131,0.137,0.092,0.267,0.074,0.173,0.051,0.171,0.213,0.204,0.174,0.05,0.168,0.142,0.097,0.098,0.126,0.222,0.155,0.029,0.112,0.119,0.09,0.2,0.202,0.171,0.124,0.103,0.136,0.149,0,0,0.115,0.051,0.096
"82","4","B","Streptothricin","4B",0.068,0.179,0.106,0.042,0.147,0.391,0.079,0.036,0.049,0.128,0.168,0.089,0.137,0.156,0.057,0.111,0.115,0.097,0.069,0.216,0.19,0.218,0.084,0.127,0.082,0.111,0.113,0.075,0.071,0.238,0.14,0.257,0.108,0.12,0.267,0.162,0.264,0.389,0.068,0.072,0.103,0.173,0.146,0.22,0,0.257,0.135,0.186,0.089,0.173,0.266,0.221,0.068,0.16,0.134,0.479,0.178,0.171,0.113,0.16,0.136,0.159,0.055,0.162,0.3,0.103,0.115,0.189,0.221,0.149,0.177,0.107,0.189,0.105,0.148,0.008,0.177,0.323,0.149,0.076,0.147,0.106,0.119,0.213,0.196,0.153,0.113,0.032,0.05,0.162,0.042,0,0.135,0.069,0.033
"83","4","B","Tetracycline","4B",0,0.128,0.127,0.015,0.09,0.122,0.021,0.007,0.047,0.101,0.095,0.044,0.062,0.052,0,0.055,0.055,0.041,0.014,0.182,0.074,0.072,0.041,0.018,0.056,0.08,0.066,0.031,0,0.114,0.055,0.048,0.058,0.063,0.045,0.038,0.238,0.229,0.062,0.035,0.014,0.073,0.055,0.243,0,0.124,0,0.1,0.037,0.055,0.114,0.053,0,0.072,0.018,0.37,0.034,0.045,0.029,0.075,0.133,0.071,0.028,0.019,0.047,0.028,0.031,0.163,0.199,0.091,0.111,0.011,0.176,0.041,0.034,0,0.025,0.081,0.034,0.009,0,0.043,0.015,0.142,0.102,0.06,0.01,0,0.029,0.048,0.026,0,0,0.022,0.009
"84","4","B","Vancomycin","4B",0.011,0.012,0.014,0.01,0,0.033,0.051,0.051,0,0,0,0.057,0.041,0,0,0.085,0.01,0.041,0.054,0.121,0,0.038,0.078,0,0.072,0.099,0,0.028,0,0.149,0,0,0.131,0.032,0.074,0,0.059,0,0.05,0.013,0.025,0.106,0.041,0.189,0,0.047,0.017,0.143,0,0.018,0,0.023,0,0.01,0.081,0.254,0.086,0.018,0.031,0.007,0.113,0.091,0.087,0.152,0.009,0,0.014,0,0.061,0.006,0.027,0,0.016,0,0.015,0.051,0.058,0.156,0,0,0.107,0.047,0.009,0.109,0.091,0,0,0.021,0,0,0.031,0,0.052,0,0
"85","4","C","Chloramphenicol","4C",0,0.057,0.046,0.04,0,0.083,0.115,0,0,0.088,0.046,0.095,0,0.029,0.019,0,0.018,0.053,0.095,0.301,0.008,0,0,0.049,0.038,0.065,0,0,0,0.022,0,0.209,0.098,0.11,0.09,0,0.147,0.113,0,0.033,0.057,0.076,0.05,0.065,0,0.051,0.059,0,0.074,0.067,0.07,0,0,0,0.037,0.082,0,0.062,0,0,0.03,0.005,0,0.034,0.112,0.065,0.06,0.064,0.067,0.021,0.025,0,0.028,0.066,0.011,0,0,0.08,0,0,0,0.02,0.052,0.034,0.043,0,0,0,0,0,0,0,0,0,0
"86","4","C","Control","4C",0.01,0.092,0,0.006,0.076,0.263,0.061,0,0,0.052,0.19,0.051,0.038,0.023,0.065,0,0.032,0.081,0.031,0.35,0.171,0.158,0.047,0,0,0.02,0.021,0,0,0.168,0,0.139,0.043,0.014,0.038,0.05,0.427,0.245,0,0,0.096,0.047,0,0.14,0,0.219,0.084,0.122,0.133,0.015,0.131,0.126,0,0.087,0,0.462,0.029,0.255,0,0.088,0.108,0.081,0,0.25,0.247,0.035,0.202,0.156,0.275,0.036,0.099,0,0.163,0,0,0.016,0.097,0.272,0.079,0.032,0.027,0.053,0.086,0.26,0.129,0.118,0.063,0,0.022,0.046,0.046,0,0,0,0
"87","4","C","Rifampicin","4C",0,0.125,0.142,0.114,0.05,0.164,0.033,0.033,0.039,0.168,0.136,0.181,0.012,0.132,0.054,0,0,0.15,0.131,0.421,0.08,0.057,0.086,0.071,0.127,0.153,0.09,0.092,0,0.072,0.116,0.041,0.15,0.126,0.172,0.008,0.221,0.19,0.109,0.106,0.148,0.206,0.169,0.173,0,0.083,0,0.022,0.152,0.183,0.154,0.096,0,0.054,0.117,0.219,0,0.152,0.104,0.058,0.112,0.007,0.109,0.174,0.184,0.15,0.084,0.122,0.109,0.047,0.007,0.101,0.028,0.164,0.177,0.012,0.011,0.247,0.17,0.154,0.124,0.159,0.112,0.172,0.01,0.171,0.038,0.073,0.095,0.107,0.112,0,0.083,0.048,0
"88","4","C","Streptomycin","4C",0,0.024,0.047,0.013,0.084,0.233,0.031,0.066,0.012,0.096,0.083,0.025,0.144,0.039,0,0.021,0.01,0.043,0,0.15,0.102,0.137,0.023,0.012,0.029,0.064,0.023,0.1,0,0.157,0.034,0.117,0.024,0.061,0.05,0.052,0.241,0.158,0.083,0.067,0.019,0.06,0.028,0.102,0,0.138,0.119,0.1,0.048,0.044,0.103,0.118,0.009,0.107,0.038,0.236,0.059,0.065,0.018,0.091,0.116,0.061,0.033,0.122,0.048,0.09,0,0.117,0.169,0.124,0.141,0.009,0.128,0.02,0.139,0,0.076,0.152,0.069,0.024,0.045,0.07,0.061,0.234,0.11,0.088,0.089,0.039,0.105,0.058,0.009,0,0.084,0.032,0
"89","4","C","Streptothricin","4C",0.015,0.167,0.169,0.118,0.095,0.248,0.126,0.087,0.078,0.178,0.196,0.156,0.185,0.151,0.074,0.14,0.103,0.136,0.068,0.286,0.204,0.191,0.125,0.104,0.121,0.114,0.138,0.073,0.056,0.226,0.109,0.153,0.155,0.114,0.165,0.115,0.28,0.342,0.086,0.107,0.153,0.206,0.113,0.286,0,0.33,0.124,0.174,0.122,0.104,0.261,0.213,0.099,0.159,0.135,0.236,0.122,0.17,0.112,0.224,0.154,0.17,0.067,0.189,0.153,0.276,0.206,0.21,0.27,0.216,0.283,0.1,0.229,0.133,0.172,0.134,0.189,0.334,0.153,0.132,0.076,0.186,0.121,0.31,0.17,0.116,0.103,0.137,0.171,0.178,0.059,0.032,0.183,0.09,0.035
"90","4","C","Tetracycline","4C",0,0,0.076,0,0,0.015,0,0,0,0,0.013,0.018,0.03,0.006,0,0,0,0,0,0.057,0,0,0.027,0,0.016,0,0,0,0,0.065,0,0.018,0,0.047,0,0,0.142,0.172,0,0,0,0.067,0.009,0.182,0,0.063,0,0.025,0,0.021,0.086,0.018,0,0.012,0,0.075,0.006,0.012,0.026,0.051,0.081,0.032,0,0,0.024,0,0,0.128,0.168,0.04,0.076,0,0.118,0,0.017,0,0,0.031,0.036,0,0,0,0,0.096,0.071,0.006,0,0,0,0,0.172,0,0,0.008,0
"91","4","C","Vancomycin","4C",0,0.09,0.116,0.019,0.023,0.29,0,0,0,0.084,0.146,0.099,0.016,0.062,0,0.016,0,0.109,0,0.296,0.069,0.091,0,0,0.05,0.029,0.008,0,0,0.152,0.065,0.03,0.069,0.08,0.099,0.023,0.215,0.258,0.06,0.045,0.111,0.126,0.026,0.176,0,0.123,0.034,0.083,0.013,0.082,0.112,0.095,0,0.071,0.205,0.191,0.048,0.031,0.012,0.095,0.101,0.09,0,0.19,0.123,0.084,0.092,0.096,0.137,0.022,0.114,0,0.109,0.011,0,0.166,0.017,0.189,0.031,0.018,0.019,0.081,0.048,0.122,0.05,0.019,0,0.067,0.075,0.095,0.037,0,0.023,0,0
"92","4","D","Chloramphenicol","4D",0,0.026,0.076,0.058,0.083,0,0,0.096,0,0.094,0.055,0.103,0,0.042,0,0.103,0.033,0.08,0.127,0.041,0.036,0.009,0.032,0.128,0.074,0.095,0,0.017,0,0,0,0,0.075,0.087,0.1,0,0.042,0.023,0.027,0.04,0.056,0.025,0.08,0.059,0,0.031,0,0.028,0.009,0.029,0,0,0,0,0.081,0.111,0,0.016,0,0.024,0.04,0.036,0.013,0.071,0.029,0.075,0,0.083,0.03,0.011,0.027,0.019,0.005,0.056,0.024,0,0,0,0,0.024,0.009,0,0.068,0.009,0.049,0.032,0.01,0,0.01,0,0,0,0,0,0
"93","4","D","Control","4D",0.065,0.125,0.167,0.189,0.321,0.419,0.16,0.054,0.056,0.21,0.22,0.177,0.273,0.262,0.074,0.082,0.083,0.162,0.168,0.53,0.353,0.222,0.121,0.054,0.166,0.251,0.155,0.136,0.056,0.305,0.169,0.219,0.314,0.163,0.278,0.242,0.547,0.461,0.168,0.074,0.263,0.172,0.172,0.263,0,0.338,0.266,0.249,0.183,0.166,0.349,0.309,0.1,0.177,0.144,0.419,0.117,0.298,0.127,0.276,0.218,0.291,0.213,0.419,0.472,0.105,0.213,0.294,0.408,0.214,0.292,0.074,0.377,0.073,0.16,0,0.279,0.423,0.227,0.059,0.112,0.186,0.171,0.372,0.314,0.228,0.152,0.013,0.072,0.155,0.151,0,0.2,0,0.034
"94","4","D","Rifampicin","4D",0.016,0.244,0.263,0.235,0.141,0.313,0.103,0.188,0.044,0.324,0.334,0.213,0.144,0.133,0.195,0.077,0.257,0.316,0.135,0.487,0.267,0.182,0.232,0.105,0.138,0.223,0.085,0.262,0.04,0.184,0.273,0.066,0.286,0.226,0.275,0.142,0.569,0.407,0.248,0.186,0.269,0.333,0.303,0.235,0,0.196,0.159,0.271,0.196,0.316,0.312,0.254,0.11,0.254,0.269,0.064,0.093,0.306,0.085,0.172,0.219,0.103,0.247,0.251,0.271,0.347,0.351,0.289,0.339,0.114,0.101,0.256,0.218,0.289,0.26,0,0.168,0.276,0.182,0.118,0.223,0.3,0.322,0.381,0.177,0.363,0.052,0.051,0.247,0.263,0.268,0,0.248,0.082,0.025
"95","4","D","Streptomycin","4D",0.031,0.119,0.149,0.028,0.238,0.318,0.09,0.081,0.054,0.15,0.305,0.177,0.214,0.27,0,0.175,0.258,0.101,0.047,0.212,0.297,0.326,0.174,0.266,0.351,0.236,0.201,0.166,0,0.288,0.317,0.205,0.15,0.172,0.245,0.203,0.592,0.455,0.176,0.06,0.1,0.215,0.182,0.09,0,0.338,0.281,0.204,0.09,0.126,0.208,0.174,0,0.245,0.128,0.35,0.213,0.141,0.109,0.148,0.132,0.22,0.174,0.355,0.047,0.123,0.148,0.189,0.435,0.288,0.18,0.132,0.482,0.115,0.135,0,0.224,0.378,0.237,0.091,0.169,0.102,0.125,0.283,0.26,0.199,0.199,0,0.169,0.052,0.041,0,0.089,0,0.026
"96","4","D","Streptothricin","4D",0,0,0.014,0,0.027,0.21,0,0,0,0.045,0.015,0.046,0.093,0,0,0,0,0,0,0.143,0.176,0.068,0,0,0,0,0,0,0,0.129,0,0,0,0.005,0.028,0.061,0.303,0.314,0,0,0,0.068,0,0.104,0,0.15,0.027,0.061,0.108,0.034,0.203,0.197,0,0.143,0.021,0.267,0.148,0.163,0,0.101,0.03,0.043,0,0.216,0,0,0,0.12,0.207,0.013,0.036,0,0.233,0,0.029,0,0.174,0.183,0.052,0,0.078,0,0,0.184,0.069,0.018,0,0,0,0,0,0,0.092,0,0
"97","4","D","Tetracycline","4D",0.013,0.062,0.076,0.037,0.123,0.144,0.07,0.046,0.005,0.078,0.135,0.135,0.154,0.096,0,0.075,0.065,0.058,0.043,0.167,0.152,0.129,0.095,0.035,0.072,0.095,0.104,0.092,0,0.188,0.082,0.114,0.056,0.113,0.097,0.13,0.494,0.331,0.102,0.026,0.049,0.114,0.087,0.215,0,0.233,0.135,0.268,0.047,0.078,0.242,0.136,0,0.102,0.067,0.138,0.124,0.089,0.078,0.144,0.212,0.151,0.088,0.018,0.069,0.083,0.08,0.244,0.292,0.153,0.131,0.036,0.308,0.084,0.112,0.12,0.123,0.166,0.143,0.02,0.055,0.049,0.089,0.234,0.175,0.124,0.114,0,0.023,0.048,0.018,0,0.119,0.078,0.064
"98","4","D","Vancomycin","4D",0,0.029,0.086,0,0,0.208,0,0,0,0.053,0.114,0.103,0,0,0,0.097,0,0.015,0.052,0.228,0.14,0.083,0.19,0,0.134,0.126,0,0,0,0.054,0,0,0.045,0,0.098,0.061,0.45,0.294,0.012,0,0.02,0,0.038,0.008,0,0.125,0.039,0.017,0.015,0,0.067,0.093,0,0,0,0.164,0,0.125,0,0.045,0,0.042,0,0.121,0,0.044,0.059,0.049,0.19,0,0,0,0.107,0,0,0,0.035,0.176,0.086,0,0.123,0,0.178,0.111,0.04,0.01,0,0,0,0,0,0,0,0,0
"99","4","E","Chloramphenicol","4E",0,0,0,0,0,0,0,0,0,0,0,0.058,0,0,0,0,0,0.038,0,0.046,0,0,0,0,0.046,0.051,0,0,0,0,0,0,0,0,0,0,0,0,0,0,0,0,0,0,0,0,0,0,0,0,0,0,0,0,0,0.361,0,0,0,0,0,0,0,0.037,0,0,0,0.005,0.096,0,0,0,0,0,0,0,0,0,0,0,0,0,0,0.081,0,0,0,0,0,0,0,0,0,0,0
"100","4","E","Control","4E",0,0.271,0.246,0.032,0.065,0,0.286,0.016,0.098,0.368,0.227,0.189,0.1,0,0.062,0.016,0,0.282,0.03,0.284,0.167,0.388,0.064,0.144,0.347,0.323,0,0.051,0.232,0.141,0.194,0.079,0.295,0.329,0.326,0.005,0.235,0.053,0.06,0.245,0.315,0.321,0.221,0.009,0,0.19,0.156,0.122,0.273,0.376,0.066,0.123,0.009,0.09,0.18,0.695,0.076,0.323,0.032,0.107,0.123,0.131,0.063,0.394,0.304,0.286,0.303,0.128,0.379,0,0.034,0.336,0.176,0.353,0.268,0.213,0.164,0.307,0.086,0.141,0.221,0.281,0.307,0.264,0.104,0.138,0.144,0.083,0.194,0.163,0.176,0,0.063,0,0
"101","4","E","Rifampicin","4E",0,0.235,0.207,0.031,0.056,0.035,0.203,0.093,0.113,0.295,0.207,0.31,0.067,0.156,0.109,0.055,0.034,0.282,0.084,0.333,0.125,0.312,0.312,0.034,0.333,0.317,0.096,0.318,0.213,0.506,0.31,0.093,0.243,0.333,0.314,0,0.221,0.145,0.315,0.064,0.176,0.292,0.21,0.087,0,0.082,0.05,0.549,0.161,0.299,0,0.191,0.047,0.071,0.324,0.706,0.079,0.269,0.219,0.073,0.157,0.134,0.31,0.324,0.251,0.236,0.22,0.196,0.278,0.049,0,0.176,0.118,0.28,0.339,0.207,0.092,0.122,0.319,0.173,0.303,0.239,0.246,0.324,0.259,0.324,0.24,0.068,0.179,0.231,0.296,0.028,0.192,0.072,0.045
"102","4","E","Streptomycin","4E",0.049,0.283,0.255,0.045,0.143,0,0.011,0,0.076,0.309,0.193,0.138,0.102,0.089,0.008,0.029,0.015,0.193,0,0.097,0.146,0.048,0.038,0.093,0.333,0.155,0,0.044,0.266,0.159,0.041,0.055,0.233,0.246,0.132,0,0.264,0.087,0.052,0.208,0.253,0.186,0.059,0.036,0,0.14,0.096,0.092,0.183,0.149,0,0.128,0.025,0.092,0.228,0.665,0.059,0.192,0.233,0.068,0.084,0.19,0.018,0.347,0.254,0.102,0.146,0.172,0.365,0,0,0.157,0.201,0.105,0.053,0.03,0.175,0.236,0.053,0.052,0.195,0.243,0.368,0.292,0.225,0.084,0.177,0,0.077,0.065,0.143,0,0.101,0.034,0
"103","4","E","Streptothricin","4E",0,0.198,0.182,0,0.03,0,0.044,0,0.381,0.307,0.384,0.154,0.01,0.054,0.186,0.03,0,0.279,0,0.269,0.068,0,0.067,0.229,0.33,0.243,0,0.047,0.213,0.111,0.109,0.159,0.164,0.242,0.278,0,0.196,0.035,0.141,0.012,0.134,0.325,0.185,0,0,0.285,0.044,0.077,0.259,0.245,0.055,0.094,0,0,0.152,0.653,0.035,0.281,0,0.063,0.056,0.14,0.176,0.345,0.14,0.128,0.164,0.078,0.316,0,0,0.147,0.139,0.061,0.131,0.07,0.217,0.386,0,0.259,0.171,0.258,0.296,0.262,0.146,0.015,0,0,0.077,0.112,0.135,0,0.033,0,0
"104","4","E","Tetracycline","4E",0,0,0.042,0,0,0,0.066,0,0.009,0.085,0.037,0,0,0,0,0,0,0.025,0,0,0,0,0,0,0.059,0.047,0,0.028,0,0,0,0,0.055,0,0,0,0,0,0,0,0,0.074,0,0.028,0,0.023,0,0.016,0.015,0.01,0,0,0,0,0.013,0.539,0,0.02,0,0.038,0.071,0,0,0.091,0.043,0,0,0.117,0.232,0,0,0,0.034,0,0,0,0,0.022,0,0,0.065,0,0,0.166,0,0,0,0,0,0,0,0,0,0,0
"105","4","E","Vancomycin","4E",0.023,0.275,0.291,0.096,0.166,0.025,0.213,0,0.119,0.384,0.241,0.265,0.121,0.023,0.129,0.28,0.033,0.4,0.059,0.358,0.25,0.094,0.163,0.084,0.384,0.322,0.119,0.17,0.241,0.174,0.186,0.208,0.331,0.338,0.32,0.014,0.292,0.099,0.099,0.3,0.329,0.387,0.182,0.042,0,0.164,0.149,0.173,0.282,0.417,0,0.138,0.026,0.117,0.204,0.612,0.106,0.351,0.017,0.154,0.076,0.17,0.13,0.376,0.275,0.387,0.223,0.158,0.378,0,0.01,0.333,0.231,0.249,0.191,0.162,0.159,0.298,0.127,0.156,0.237,0.238,0.209,0.295,0.203,0.171,0.095,0.158,0.231,0.263,0.208,0,0.103,0,0.051
"106","4","F","Chloramphenicol","4F",0,0,0.022,0.037,0,0,0.006,0.077,0.006,0.042,0.059,0.147,0,0.014,0.071,0.047,0.011,0.078,0.113,0.111,0,0.077,0,0.072,0.125,0.141,0.069,0,0,0,0.056,0.091,0.102,0.064,0.094,0,0.155,0.108,0,0.02,0.021,0.089,0.035,0,0,0.064,0,0.017,0.059,0.127,0.027,0,0,0,0.033,0.125,0,0.068,0,0.019,0,0.025,0.006,0.078,0.032,0.067,0.066,0.056,0.082,0,0.032,0.065,0.024,0,0,0,0,0.048,0,0,0.008,0.02,0.034,0.047,0.064,0,0,0,0,0.024,0,0,0,0,0
"107","4","F","Control","4F",0.147,0.134,0.137,0.116,0.175,0.296,0.122,0.152,0.135,0.275,0.324,0.2,0.271,0.187,0.027,0.066,0.069,0.156,0.14,0.176,0.308,0.154,0.115,0.059,0.064,0.181,0.214,0.136,0.007,0.236,0.219,0.134,0.111,0.12,0.222,0.227,0.485,0.299,0.175,0.117,0.185,0.154,0.126,0.258,0,0.298,0.214,0.163,0.217,0.152,0.384,0.306,0.086,0.213,0.14,0.368,0.156,0.287,0.197,0.212,0.256,0.194,0.08,0.288,0.134,0.091,0.155,0.285,0.45,0.192,0.335,0.114,0.319,0.214,0.153,0.05,0.208,0.408,0.264,0.059,0.167,0.132,0.12,0.383,0.185,0.141,0.141,0.112,0.225,0.238,0.225,0,0.207,0.052,0.037
"108","4","F","Rifampicin","4F",0.038,0.285,0.239,0.2,0.295,0.205,0.135,0.027,0.134,0.334,0.328,0.391,0.117,0.264,0.272,0.234,0.143,0.314,0.19,0.52,0.195,0.311,0.303,0.132,0.295,0.35,0.169,0.455,0,0.142,0.277,0.287,0.328,0.361,0.332,0.218,0.517,0.438,0.295,0.108,0.245,0.395,0.327,0.174,0,0.284,0.065,0.217,0.163,0.321,0.239,0.154,0.009,0.071,0.221,0.379,0.079,0.357,0.263,0.115,0.223,0.287,0.24,0.32,0.287,0.315,0.298,0.258,0.325,0.304,0.114,0.166,0.224,0.339,0.3,0.047,0.107,0.223,0.219,0.162,0.289,0.315,0.337,0.351,0.174,0.316,0.098,0.192,0.168,0.268,0.284,0,0.177,0.058,0.009
"109","4","F","Streptomycin","4F",0.072,0.14,0.176,0.093,0.205,0.305,0.079,0.193,0.066,0.278,0.162,0.202,0.195,0.143,0.024,0.14,0.128,0.364,0.149,0.311,0.285,0.304,0.147,0.127,0.218,0.194,0.224,0.148,0,0.255,0.133,0.347,0.104,0.182,0.15,0.195,0.585,0.458,0.143,0.16,0.136,0.208,0.178,0.136,0,0.35,0.204,0.215,0.46,0.157,0.303,0.273,0.084,0.261,0.129,0.307,0.18,0.148,0.133,0.244,0.203,0.213,0.291,0.472,0.171,0.117,0.214,0.247,0.458,0.252,0.258,0.052,0.344,0.097,0.129,0,0.233,0.382,0.204,0.124,0.353,0.116,0.188,0.338,0.265,0.195,0.181,0.137,0.097,0.116,0.072,0,0.164,0.049,0.017
"110","4","F","Streptothricin","4F",0.06,0.095,0.095,0.138,0.231,0.287,0.125,0.014,0.04,0.164,0.207,0.193,0.181,0.138,0.144,0.1,0.074,0.134,0.097,0.273,0.278,0.176,0.078,0.122,0.096,0.193,0.147,0.106,0.043,0.22,0.086,0.18,0.092,0.125,0.168,0.211,0.475,0.483,0.078,0.071,0.13,0.189,0.161,0.195,0,0.342,0.16,0.197,0.051,0.14,0.4,0.244,0.084,0.188,0.247,0.2,0.144,0.073,0.086,0.192,0.188,0.185,0.148,0.258,0.162,0.088,0.081,0.256,0.399,0.159,0.253,0.039,0.289,0.084,0.125,0,0.219,0.335,0.141,0.067,0.073,0.124,0.067,0.362,0.211,0.183,0.096,0.177,0.092,0.117,0.103,0,0.217,0.043,0.018
"111","4","F","Tetracycline","4F",0.005,0.045,0.078,0.009,0.062,0.018,0.007,0.009,0.035,0.056,0.078,0.099,0.085,0.036,0,0.051,0.021,0.041,0.022,0.11,0.082,0.065,0.056,0.016,0.066,0.07,0.09,0.038,0,0.132,0.049,0.11,0.057,0.173,0.069,0.06,0.341,0.217,0.054,0.02,0.032,0.184,0.069,0.133,0,0.191,0.1,0.11,0.035,0.055,0.168,0.055,0,0.082,0.033,0.081,0.084,0.091,0.038,0.106,0.173,0.091,0.058,0.028,0.065,0.05,0.052,0.18,0.167,0.166,0.126,0.027,0.223,0.102,0.074,0.05,0.07,0.113,0.067,0,0.028,0.025,0.023,0.116,0.114,0.077,0.039,0,0.021,0.031,0,0,0,0.085,0.013
"112","4","F","Vancomycin","4F",0,0.078,0.12,0.105,0.185,0.377,0,0,0,0.14,0.155,0.124,0.081,0,0,0,0,0.076,0.117,0.251,0.156,0.195,0.049,0,0,0,0.122,0.007,0,0.077,0,0,0.025,0.074,0.061,0.097,0.346,0.162,0.083,0,0.095,0.061,0,0.107,0,0.167,0.046,0.102,0,0.027,0.215,0.121,0,0.08,0.128,0.216,0,0.048,0,0.171,0.066,0.04,0.013,0.259,0.029,0.088,0.016,0.167,0.279,0.024,0.146,0.016,0.146,0.028,0,0,0.116,0.242,0.08,0,0.036,0.069,0.024,0.221,0.091,0.061,0.044,0,0.042,0.061,0.025,0,0.061,0,0
"113","4","G","Chloramphenicol","4G",0,0.029,0,0,0,0,0,0,0.011,0.039,0,0.171,0,0,0,0.024,0,0.052,0,0.157,0,0,0,0.076,0.103,0.141,0,0.029,0,0,0.005,0,0.083,0.072,0.044,0,0.078,0,0,0,0,0.112,0.032,0,0,0,0,0,0,0.085,0,0,0,0,0,0.467,0,0.034,0,0,0,0.039,0,0.128,0.101,0.028,0,0,0.176,0,0,0,0.073,0,0.017,0,0,0.037,0,0,0.117,0,0,0.048,0,0,0,0,0,0,0,0,0,0,0
"114","4","G","Control","4G",0.038,0.213,0.247,0.122,0.242,0.058,0.303,0.105,0.269,0.277,0.285,0.386,0.285,0.274,0.141,0.173,0.174,0.384,0.186,0.337,0.336,0.535,0.401,0.289,0.151,0.347,0.395,0.303,0.234,0.382,0.26,0.135,0.271,0.305,0.337,0.237,0.291,0.361,0.329,0.275,0.329,0.477,0.199,0,0,0.418,0.342,0.173,0.242,0.356,0.148,0.184,0.059,0.372,0.191,0.588,0.306,0.272,0.231,0.208,0.123,0.397,0.315,0.307,0.288,0.344,0.299,0.088,0.318,0,0.153,0,0.33,0.237,0.363,0.219,0.268,0.416,0.248,0.187,0.347,0.347,0.281,0.166,0.25,0.287,0.236,0.142,0.198,0.179,0.216,0,0.135,0,0
"115","4","G","Rifampicin","4G",0.035,0,0.029,0.036,0,0,0.07,0.028,0,0.047,0.024,0.022,0,0.032,0.03,0.01,0,0.037,0,0.111,0,0.043,0.062,0.026,0.053,0.134,0.031,0.04,0,0,0.032,0,0.043,0.039,0.036,0,0,0,0.019,0,0.023,0,0.039,0.02,0,0,0,0.042,0.032,0.05,0,0,0,0,0.046,0.496,0,0.025,0,0,0.011,0,0.048,0.352,0.027,0.031,0.027,0.156,0.312,0.041,0,0,0,0.032,0.014,0,0,0,0,0.011,0.06,0.018,0.034,0.306,0,0.083,0.021,0.07,0.018,0.025,0.016,0.099,0,0.069,0
"116","4","G","Streptomycin","4G",0.006,0.094,0.11,0.066,0.058,0.042,0.068,0,0.131,0.162,0.14,0.28,0.163,0.163,0.03,0.05,0.06,0.155,0.09,0.247,0.237,0.155,0.158,0.206,0.121,0.26,0.196,0.171,0.209,0.199,0.149,0.092,0.2,0.214,0.156,0.089,0.195,0.098,0.16,0.096,0.161,0.196,0.117,0,0,0.291,0.188,0.05,0.218,0.214,0.165,0.184,0.01,0.193,0.1,0.514,0.154,0.102,0.124,0.097,0.025,0.173,0.16,0.075,0.188,0.237,0.126,0.058,0.271,0,0.101,0,0.282,0.076,0.17,0.066,0.138,0.294,0.194,0.106,0.138,0.154,0.165,0.154,0.212,0.194,0.113,0,0.066,0.052,0.043,0,0.042,0,0
"117","4","G","Streptothricin","4G",0.015,0.19,0.16,0.105,0.208,0.063,0.168,0.046,0.152,0.235,0.241,0.372,0.28,0.319,0.096,0.175,0.09,0.272,0.137,0.342,0.265,0.299,0.226,0.213,0.199,0.332,0.241,0.207,0.3,0.275,0.184,0.167,0.241,0.295,0.245,0.19,0.317,0.382,0.308,0.062,0.196,0.315,0.245,0,0,0.295,0.19,0.104,0.187,0.241,0.24,0.321,0.044,0.268,0.179,0.63,0.113,0.268,0.297,0.222,0.105,0.309,0.164,0.1,0.301,0.145,0.148,0.117,0.351,0,0.085,0,0.303,0.221,0.306,0.154,0.163,0.365,0.228,0,0.21,0.137,0.161,0.205,0.212,0.235,0.169,0.034,0.149,0.171,0.179,0.034,0.184,0.077,0.069
"118","4","G","Tetracycline","4G",0,0.099,0.065,0.007,0.024,0,0.117,0.03,0.114,0.161,0.015,0.36,0.07,0.103,0.029,0.149,0.026,0.16,0,0.271,0.038,0.048,0.095,0.099,0.222,0.313,0.011,0.116,0,0.073,0.097,0.092,0.17,0.156,0.12,0,0,0.068,0.1,0.032,0.097,0.209,0.102,0.106,0,0.091,0,0.082,0.065,0.196,0,0.019,0,0.048,0.121,0.448,0.067,0.173,0.012,0.043,0.156,0.062,0.09,0.285,0.092,0.075,0.012,0.2,0.33,0,0.015,0,0.124,0.067,0.101,0,0,0.071,0.088,0.04,0.263,0.076,0.044,0.299,0.039,0.133,0.068,0.019,0.013,0.069,0.041,0.052,0,0.149,0.009
"119","4","G","Vancomycin","4G",0,0.095,0.03,0,0,0,0.09,0.095,0.013,0.138,0.109,0.212,0.124,0.149,0.014,0.027,0.111,0.191,0.024,0.189,0.166,0.183,0.199,0.102,0.172,0.255,0.073,0.143,0.099,0.187,0.109,0.02,0.144,0.215,0.14,0.098,0.158,0.192,0.116,0.009,0.135,0.157,0.101,0,0,0.269,0.107,0.05,0.126,0.182,0.076,0.109,0,0.204,0.083,0.38,0.163,0.17,0.087,0.097,0,0.245,0.047,0.167,0.099,0.117,0.055,0,0.177,0,0,0,0.212,0.116,0.128,0.099,0.088,0.234,0.09,0,0.172,0.133,0.086,0.031,0.107,0.094,0.042,0,0.058,0.037,0.015,0,0,0,0
"120","4","H","Chloramphenicol","4H",0,0.056,0.128,0.049,0.006,0,0.082,0.03,0,0.109,0.104,0.131,0.018,0.048,0.032,0.202,0,0.071,0.115,0.215,0.032,0.144,0.101,0.099,0.105,0.148,0.029,0.031,0,0.054,0.018,0.229,0.144,0.125,0.119,0.041,0.263,0.142,0,0.072,0.109,0.143,0.134,0.068,0,0.114,0.048,0.044,0.102,0.094,0.086,0.052,0,0.032,0.077,0.299,0,0.128,0,0.062,0.075,0.061,0,0.082,0.126,0.118,0.087,0.089,0.154,0.039,0.078,0.047,0.089,0.079,0.022,0,0.033,0.148,0.02,0.067,0.114,0.051,0.092,0.102,0.087,0.018,0.028,0,0.023,0.05,0.035,0,0,0,0
"121","4","H","Control","4H",0.019,0.142,0.224,0.05,0.234,0.356,0.098,0.06,0.051,0.226,0.214,0.233,0.186,0.199,0.066,0.232,0.082,0.161,0.066,0.456,0.292,0.251,0.164,0.065,0.111,0.123,0.166,0.104,0.04,0.392,0.074,0.342,0.188,0.257,0.158,0.226,0.413,0.41,0.178,0.151,0.199,0.186,0.148,0.248,0,0.335,0.241,0.239,0.126,0.149,0.256,0.236,0.047,0.211,0.237,0.391,0.193,0.183,0.159,0.216,0.21,0.206,0.137,0.311,0.332,0.166,0.184,0.264,0.349,0.233,0.246,0.033,0.26,0.187,0.151,0,0.235,0.422,0.21,0.269,0.166,0.191,0.208,0.292,0.24,0.223,0.18,0.135,0.124,0.17,0.163,0,0.106,0,0.007
"122","4","H","Rifampicin","4H",0,0.015,0,0.101,0.119,0.129,0,0.025,0,0.037,0.041,0.125,0.127,0.046,0,0.094,0.052,0.057,0,0.237,0.125,0.152,0.044,0,0.031,0.076,0.07,0.056,0,0.109,0.01,0.084,0.082,0.094,0.079,0.029,0.229,0.107,0.032,0,0.019,0.086,0.157,0.146,0,0.11,0.047,0.085,0.036,0.044,0.108,0.104,0,0.049,0.059,0.111,0.086,0.212,0.082,0.117,0.137,0.107,0.015,0.083,0.06,0.093,0.04,0.172,0.251,0,0.031,0.008,0.155,0.063,0.084,0.024,0.106,0.148,0.053,0.049,0.091,0.043,0.097,0.162,0.193,0.082,0.052,0,0,0,0,0,0.021,0.021,0
"123","4","H","Streptomycin","4H",0.071,0.154,0.124,0.022,0.158,0.315,0.046,0.044,0.03,0.118,0.206,0.172,0.198,0.132,0,0.101,0.144,0.136,0.109,0.424,0.281,0.3,0.175,0.295,0.221,0.171,0.192,0.143,0,0.265,0.113,0.142,0.16,0.155,0.161,0.135,0.397,0.387,0.137,0.1,0.087,0.171,0.178,0.18,0,0.374,0.202,0.181,0.332,0.155,0.246,0.248,0.065,0.214,0.094,0.407,0.187,0.196,0.142,0.202,0.162,0.225,0.116,0.331,0.246,0.329,0.25,0.244,0.316,0.213,0.232,0.145,0.287,0.259,0.121,0,0.239,0.348,0.184,0.21,0.119,0.11,0.266,0.306,0.205,0.151,0.223,0.044,0.092,0.059,0.015,0,0.125,0.007,0.031
"124","4","H","Streptothricin","4H",0,0.04,0,0,0.043,0.165,0.009,0.016,0,0,0.043,0.055,0.112,0.052,0.023,0,0,0.013,0,0.183,0.152,0.108,0,0,0,0.019,0.015,0,0,0.155,0,0.097,0,0.133,0.195,0.041,0.261,0.213,0,0.018,0,0.122,0.05,0,0,0.167,0.033,0.104,0,0,0.119,0.108,0,0.08,0,0.132,0.051,0.037,0,0.09,0,0.066,0.062,0.207,0,0.013,0.076,0.103,0.247,0.106,0.025,0,0.148,0.079,0.042,0,0.119,0.204,0.018,0,0.024,0.08,0,0.162,0.098,0.065,0.007,0,0.068,0,0,0,0,0,0
"125","4","H","Tetracycline","4H",0.011,0.113,0.136,0.1,0.095,0.128,0.056,0.041,0.045,0.105,0.178,0.127,0.138,0.127,0.052,0.119,0.067,0.088,0.089,0.178,0.163,0.175,0.092,0.067,0.111,0.116,0.141,0.093,0,0.226,0.092,0.761,0.097,0.121,0.116,0.099,0.313,0.325,0.122,0.064,0.074,0.153,0.118,0.275,0,0.253,0.131,0.179,0.181,0.121,0.216,0.176,0,0.119,0.106,0.239,0.124,0.107,0.116,0.126,0.216,0.193,0.127,0.11,0.119,0.107,0.129,0.251,0.311,0.204,0.165,0.068,0.258,0.135,0.14,0.085,0.11,0.21,0.164,0.061,0.11,0.09,0.083,0.181,0.177,0.248,0.117,0.029,0.086,0.081,0.121,0,0.014,0.078,0.044
"126","4","H","Vancomycin","4H",0,0.138,0.106,0.026,0.059,0.239,0.056,0.059,0,0.143,0.2,0.129,0.159,0.07,0,0.013,0.074,0.089,0,0.22,0.204,0.133,0.11,0.037,0.068,0.175,0.124,0.214,0,0.186,0.101,0.158,0.176,0.108,0.11,0.091,0.375,0.291,0.085,0.058,0.241,0.122,0.097,0.19,0,0.282,0.128,0.173,0.193,0.084,0.126,0.218,0.066,0.155,0.052,0.272,0.232,0.24,0.082,0.168,0.159,0.17,0.116,0.238,0.09,0.223,0.124,0.181,0.254,0.13,0.045,0,0.221,0.165,0.042,0,0.19,0.272,0.078,0,0.177,0.115,0.07,0.161,0.125,0.102,0.086,0.063,0.038,0.085,0.025,0,0.024,0,0
"127","4","I","Chloramphenicol","4I",0.021,0.052,0.069,0,0.024,0,0.05,0.118,0.055,0.112,0.072,0.18,0.028,0.067,0,0.114,0.006,0.017,0.065,0.133,0.009,0,0.07,0.053,0.165,0.197,0,0.006,0,0.045,0,0.026,0.08,0.033,0.063,0.012,0.007,0,0.014,0.051,0.056,0.171,0.1,0.091,0,0.039,0,0.045,0.007,0.095,0.014,0,0,0.014,0.008,0.626,0.02,0.06,0.01,0.051,0.038,0.01,0.024,0.042,0.042,0.009,0,0.232,0.377,0,0,0,0.011,0.01,0.077,0.006,0.015,0.019,0.006,0.041,0.058,0,0.02,0.269,0.02,0.027,0.016,0.197,0.048,0.054,0.05,0,0,0.175,0.006
"128","4","I","Control","4I",0.007,0.018,0.101,0.044,0.04,0,0.187,0.038,0.124,0.163,0.087,0.352,0.112,0.008,0.065,0.137,0,0.109,0,0.209,0.063,0.022,0.072,0.06,0.217,0.392,0,0.074,0.033,0.221,0.069,0.099,0.153,0.141,0.103,0.015,0.063,0,0.014,0.02,0.063,0.369,0.074,0.118,0,0.164,0.076,0.09,0.067,0.185,0.008,0.014,0,0.072,0.01,0.841,0.083,0.021,0.023,0.136,0.1,0.1,0.009,0.027,0.104,0.115,0.108,0.274,0.51,0,0,0.017,0.076,0.102,0.142,0,0.051,0.233,0.033,0.087,0.224,0.119,0.057,0.402,0.086,0.124,0.057,0,0.033,0.034,0.039,0,0,0.093,0
"129","4","I","Rifampicin","4I",0.058,0.006,0.086,0.071,0.029,0,0.116,0.07,0.064,0.098,0.083,0.255,0.051,0.082,0.071,0.06,0.005,0.051,0.07,0.242,0.016,0.087,0.165,0.049,0.172,0.329,0.05,0.128,0.01,0.188,0.078,0.025,0.045,0.159,0.102,0.009,0.016,0.011,0.068,0.022,0.056,0.124,0.036,0.11,0,0.076,0.042,0.079,0.059,0.092,0.015,0.019,0,0.059,0.092,0.672,0.025,0.058,0.065,0.07,0.042,0.047,0.006,0,0.113,0.065,0.067,0.252,0.379,0,0,0.005,0.005,0.066,0.079,0.005,0,0.063,0.036,0.044,0.167,0.063,0.076,0.326,0.046,0.196,0.094,0.167,0,0.06,0.07,0.018,0,0.114,0.03
"130","4","I","Streptomycin","4I",0,0.019,0.031,0,0.036,0,0.265,0,0.091,0.066,0.063,0.163,0.083,0,0,0.065,0.077,0.067,0,0.164,0.041,0.023,0.05,0,0.202,0.361,0,0.023,0,0.038,0,0,0.088,0.139,0.095,0,0.07,0,0.015,0,0.013,0.193,0.059,0.061,0,0.063,0,0.083,0.018,0.109,0,0,0,0.054,0,0.664,0.156,0.056,0,0.119,0.156,0.032,0,0,0.065,0,0.049,0.203,0.404,0,0,0.021,0.094,0.054,0.071,0,0.065,0.133,0,0,0.141,0,0,0.333,0.029,0.034,0.04,0.108,0.011,0.012,0.023,0,0,0.061,0
"131","4","I","Streptothricin","4I",0.01,0.006,0.091,0,0.113,0,0.16,0,0.118,0.173,0.114,0.295,0.059,0.054,0.076,0.036,0,0.072,0,0.226,0.017,0.063,0.078,0.02,0.204,0.401,0.018,0.088,0.033,0.048,0.023,0.069,0.296,0.234,0.116,0,0.08,0,0.066,0.012,0.032,0.252,0.064,0.088,0,0.044,0,0.064,0.006,0.155,0,0.024,0,0.072,0.086,0.868,0.048,0.114,0.04,0.109,0.085,0.055,0.097,0.141,0.146,0.074,0.059,0.231,0.494,0.014,0,0.067,0.041,0.085,0.148,0,0.047,0.098,0.061,0,0.133,0.044,0.024,0.358,0.008,0.193,0,0.042,0.012,0.023,0,0,0,0.055,0
"132","4","I","Tetracycline","4I",0,0.008,0.007,0.007,0.021,0,0,0,0.041,0.034,0.018,0.055,0,0,0,0,0,0.006,0,0.028,0,0,0,0,0.043,0.12,0,0,0,0,0,0,0.014,0.025,0.021,0,0,0,0,0.017,0.015,0.04,0,0.022,0,0,0,0,0.021,0.016,0,0,0,0,0.023,0.482,0,0,0,0,0.009,0,0,0,0,0.022,0,0.163,0.249,0,0,0,0,0.013,0,0,0,0,0,0,0.026,0.014,0.02,0.192,0,0.008,0,0.007,0,0.006,0.005,0,0,0.032,0
"133","4","I","Vancomycin","4I",0.024,0.116,0.095,0.046,0.137,0,0.079,0,0.14,0.192,0.107,0.357,0.114,0.018,0.091,0.055,0,0.168,0.028,0.344,0.093,0.116,0.097,0.049,0.299,0.416,0,0.173,0.055,0.154,0.06,0.145,0.21,0.264,0.117,0,0.156,0.068,0.078,0.006,0.073,0.308,0.069,0.099,0,0.162,0.076,0.095,0.085,0.237,0,0.064,0,0.145,0.115,0.831,0.062,0.096,0.018,0.097,0.089,0.148,0.039,0,0.158,0.087,0.013,0.239,0.458,0,0,0.104,0.116,0.12,0.114,0.021,0.088,0.173,0.058,0.066,0.277,0.091,0.023,0.402,0.129,0.125,0.074,0.028,0.025,0.068,0.035,0,0.057,0.079,0.038
"134","4","J","Chloramphenicol","4J",0.01,0.05,0.035,0,0,0,0,0,0.021,0.08,0.043,0,0.01,0.016,0,0.172,0.016,0.032,0.009,0.016,0,0.023,0,0,0.007,0.042,0,0,0,0.107,0,0.033,0.067,0.013,0.027,0,0,0,0,0,0.23,0.119,0.034,0.07,0,0.025,0.015,0.025,0,0,0,0,0,0,0,0.114,0,0.09,0.01,0.01,0.036,0.024,0.022,0.035,0.162,0.027,0,0.119,0.02,0,0,0.028,0.027,0.081,0.041,0,0,0.058,0.013,0.009,0.014,0,0.051,0,0.492,0,0,0,0.021,0.057,0.196,0,0,0,0
"135","4","J","Control","4J",0,0.029,0.111,0,0,0,0.067,0.102,0.038,0.118,0.105,0.141,0.016,0,0.019,0.115,0.024,0.125,0,0.055,0.046,0.072,0.193,0.028,0.094,0.11,0.03,0.082,0,0.178,0.042,0.063,0.097,0.084,0.102,0,0.196,0,0.032,0.033,0.063,0.125,0.146,0,0,0.016,0,0.074,0.053,0.106,0.032,0.038,0,0.056,0.082,0.136,0.065,0.113,0.027,0.038,0.026,0.066,0.029,0.1,0.036,0.057,0.125,0.066,0.158,0,0,0.028,0.098,0.091,0.078,0,0.053,0,0.052,0.024,0.081,0.078,0.034,0.07,0.062,0.044,0.037,0,0.117,0.01,0,0,0,0,0
"136","4","J","Rifampicin","4J",0,0.059,0.1,0,0.04,0,0.02,0,0.131,0.183,0.081,0.184,0.013,0.088,0.006,0.272,0.097,0.144,0.063,0.21,0.013,0.186,0.115,0,0.102,0.209,0,0.116,0,0.057,0.121,0.09,0.195,0.184,0.194,0,0.007,0.137,0.075,0.08,0.014,0.129,0.259,0.075,0,0.141,0.005,0.106,0.008,0.126,0,0,0,0.033,0.123,0.238,0.098,0.219,0.189,0.074,0.09,0.099,0.102,0.122,0.188,0.116,0.095,0.215,0.141,0.054,0,0.121,0.093,0.135,0.093,0,0.026,0,0.021,0.106,0.175,0.121,0.103,0.135,0.071,0.125,0,0,0.042,0.03,0.098,0.005,0,0.024,0
"137","4","J","Streptomycin","4J",0.011,0.068,0.055,0,0.026,0.07,0.084,0.12,0.063,0.132,0.115,0.113,0.141,0.028,0.067,0.237,0.066,0.13,0,0.113,0.09,0.181,0.07,0.041,0.106,0.172,0.035,0.115,0,0.269,0.087,0.075,0.111,0.167,0.156,0.063,0.216,0.101,0.099,0.121,0.109,0.16,0.112,0.012,0,0.082,0.209,0.141,0.047,0.128,0.128,0.033,0.039,0.159,0.121,0.186,0.143,0.143,0.072,0.054,0.059,0.107,0.102,0.074,0.264,0.133,0.125,0.115,0.231,0,0,0.058,0.209,0.107,0.161,0.044,0.182,0.069,0.085,0.088,0.14,0.126,0.131,0.138,0.16,0.126,0.096,0.04,0.159,0.336,0.033,0,0.024,0.006,0.105
"138","4","J","Streptothricin","4J",0,0.071,0.035,0,0,0,0.023,0.098,0.046,0.14,0.107,0.142,0.042,0,0,0.182,0.08,0.123,0,0.049,0.047,0.082,0,0.012,0.097,0.087,0,0.074,0,0.126,0.037,0.055,0.113,0.105,0.106,0.061,0.137,0,0.034,0.058,0.086,0.045,0.078,0.026,0,0.063,0,0.101,0.032,0.104,0.085,0.021,0,0.071,0.03,0.189,0.066,0.106,0.046,0.018,0.108,0.074,0.018,0.192,0.047,0.099,0.114,0.12,0.151,0,0,0.064,0.146,0.129,0.094,0.017,0.064,0,0.232,0.051,0.129,0.081,0.063,0.114,0.095,0.071,0.027,0,0.045,0.008,0.01,0,0,0,0
"139","4","J","Tetracycline","4J",0,0.036,0.06,0.11,0,0,0,0,0,0.007,0,0,0,0,0,0.019,0,0.033,0.009,0,0,0,0,0,0.008,0.073,0,0,0,0.064,0,0.01,0.052,0,0,0.057,0.061,0.033,0,0.041,0.086,0.084,0.071,0.118,0,0.019,0,0.016,0.011,0,0,0,0,0,0,0.076,0,0.038,0.035,0,0.014,0,0,0,0.014,0,0,0.045,0,0,0,0,0.011,0,0,0.021,0,0,0,0,0.045,0.023,0.039,0.016,0,0,0,0.009,0.008,0.025,0,0,0,0,0
"140","4","J","Vancomycin","4J",0,0,0,0,0.255,0,0,0.076,0.072,0.108,0.052,0.091,0.05,0.016,0.037,0.178,0.049,0.074,0,0.117,0.051,0.079,0.026,0.049,0.11,0.098,0,0.103,0.11,0.154,0.064,0.035,0.088,0.134,0.087,0.03,0.421,0.013,0.03,0.069,0.091,0.18,0.047,0.024,0,0.111,0.017,0.11,0.018,0.102,0,0,0,0.091,0.057,0.242,0.103,0.095,0.034,0.013,0.086,0.074,0.066,0.057,0.134,0.071,0.053,0.079,0.155,0,0,0.032,0.108,0.079,0.052,0.013,0.038,0.025,0.031,0.056,0.085,0.084,0.055,0.093,0.117,0.056,0.027,0,0.007,0,0,0,0,0,0
